id,name,latitude,longitude
89,Estadio Nacional Mane Garrincha,-15.78347465,-47.8992051635517
661,"Landhof, Basel",47.5622753,7.60277070288962
853,CIUDAD DEL ESTE,-25.5169014,-54.6168644
1723,CHEMNITZ,,
636,"Gerhard Hanappi Stadion, Vienna",,
2190,"Anlaby Road Ground, Hull",,
1936,KATHMANDU,,
1717,Feyenoord ROTTERDAM,,
429,Cairo Stadium CAIRO,30.0691158,31.3121525587493
791,Bucuresti,44.4361414,26.1027202
1998,HAIFA,,
20,"Stade Mustapha Tchaker, Algiers",36.4908344,2.84701303113845
1588,"HSH Nordbank Arena, Hamburg",,
33,Cape Town Stadium,-33.90376715,18.4096565269476
1617,Al Jubail,25.35289635,55.3818541261714
1115,"Big Swan Stadium, Niigata",37.88257595,139.059158407432
1856,Estadio La Pedregalena COLON,,
1858,SAS Soccer Park,,
39,MONTERREY,25.63978365,-100.293101529066
914,KOLN,50.938361,6.959974
114,"Busch Soccer Park, St Louis",38.5467789,-90.4386103
59,KHOBAR,26.3039999,50.1960237
538,St George's Park,-33.96582145,25.6073023292068
1252,National PORT OF SPAIN,10.6587119,-61.5248389646313
497,Seoul Sang-am Stadium,,
1836,Estadio Ricardo Saprissa,,
1737,Municipal BIZERTE,,
1228,Carlos Dittborn ARICA,-18.4892554,-70.3016315
1800,Arisa SALONIKA,,
519,"North Harbour Stadium, Auckland",,
644,CRAIOVA,44.3190159,23.7965614
534,Glasgow,36.9958841,-85.9119214
2175,"Grand Stade de Marrakech, Marrakech",,
106,Artigas PAYSANDU,-32.3265808,-58.0570859
1113,"Estadio Riazor, La Coruna",43.368805,-8.41755716644209
1027,LARNACA,34.9172012,33.6378531
1298,CLUJ,46.7693367,23.5900604
1744,Mizuho Stadium NAGOYA,,
564,"Vasil Levski, Sofia",42.7656184,23.207598
2189,"Oud Rosenburg, Amsterdam",,
1840,"Independence Park, Kingston",,
2186,TILBURG,,
1944,Arayamehr Stadium TEHRAN,,
2201,Sports Park HIROSHIMA,,
652,"Las Corts, BARCELONA",41.3777739,2.1253238
264,Olimpia ASUNCION,-25.2922946,-57.6088353919041
2056,"Rades Stadium, Tunis",,
81,"Estadio Monumental Antonio Vespucio Liberti, Buenos Aires",-34.54535335,-58.4497297338262
125,"Estadio do Pacaembu, Sao Paulo",-23.54831335,-46.666003793483
923,RIO DE JANEIRO,-22.9110136,-43.2093726
440,DAEGU,35.8404121,128.5586643
505,Basin Reserve,-41.3003915,174.780237700186
846,DALLAS,32.7762719,-96.7968558
227,"Stadio Olimpico, Rome",41.93395205,12.4547230745272
621,"Andrea Doria, Genoa",44.4114618,8.9156676
494,World Cup Stadium SUWON,37.2862528,127.036784787775
2035,GENOA,,
1256,KECSKEMET,46.9080769,19.6928133
103,"Velez Sarsfield, BUENOS AIRES",-34.631196,-58.4925555
1596,BAGHDAD,33.3024248,44.3787992
144,"Waldstadion, Frankfurt",50.06857865,8.64551995209912
1612,Municipal LEIRIA,39.4118376,-9.15434214718632
2161,La Sabana SAN DIEGO,,
256,"ArenA Amsterdam, Amsterdam",52.3189473,4.84359734123529
2080,"Hong Kou Park, SHANGHAI",,
705,Moodeoung Stadium GWANGJU,,
584,"Stade Pershing, Paris",48.8282162,2.45801914775634
1740,National Sports Council KUMASI,,
2200,"Pro Player Stadium, Miami",,
700,JINAN,36.6507007,117.1140042
503,Showgrounds,52.9921953,-6.96548648808352
1945,"Ambedkar Stadium, New Delhi",,
1408,"Columbus Crew Stadium, Colombus",,
1771,National Stadion XANTHI,,
193,"Stade Velodrome, Marseille",43.2700569,5.392596
523,"London, London",51.5073219,-0.1276473
211,"Estadio Olimpico Metropolitano, San Pedro Sula",15.4700805,-88.0067265818748
2096,"Kokuritsu Stadium, Tokyo",,
531,"Prince Mohammed Bin Fahd, Damman",,
682,Stadion Graz-Liebenau,47.0447486,15.4555077135855
1505,Downing Stadium,,
2098,Nihondaira Stadium,,
166,"Orange Bowl, Miami",25.9579304,-80.240022405686
797,"Luis Casanova, Valencia",39.4751871,-0.3571462
516,Queen Elizabeth Oval BENDIGO,-36.7556574,144.275765104199
994,"Estadio Ciudad, Mar del Plata",,
2176,Communale PALERMO,,
452,HONG KONG,22.2793278,114.1628131
1891,Park Stadion,,
1246,MARCOS,43.248119,-8.2755452
861,LISBOA,38.7077926,-9.136506
1260,Parque Necaxa MEXICO CITY,19.47761,-99.1261777842304
1517,Turf Moor,53.7889866,-2.23023461432665
1878,"Trivandrum International Stadium, Kariavattom",,
506,Blandford Park AUCKLAND,,
1513,Fratton Park,50.79632375,-1.06388348519824
1157,KWANGJU,35.1491083,126.8634645
2049,Campo GENOA,,
932,"Miejski Stadion, Wroclaw",51.1411811,16.94377035
1877,Sostoi,,
2024,"Stadio Giglio, Reggio-Emilia",,
1461,St Denis,48.935773,2.3580232
1508,"Nantwich Road, Crewe",53.0869399,-2.447276
454,Graham Park GOSFORD,,
2111,"Nissan Stadium, Kanagawa",,
342,"Crvena Zvezda, Beograd",44.7794265,20.5266154
508,Showgrounds MELBOURNE,-37.7835348,144.9149757
10,"Stade De La Mosson, Montpellier",43.62202195,3.81208976421892
275,Estadio Patria SUCRE,-0.21104285,-78.5047293034093
1467,"Kaftantzoglio, Salonika",,
1265,HABANA,23.1379911,-82.3658561
1536,Nikos Goumas,,
141,Antonio Oddone Sarubbi,-25.52703075,-54.6127367257786
129,"La Sabana, San Jose",9.6517134,-84.0317869
1864,Vilma de Castellanos TEGUCIGALPA,,
446,Sydney Football Stadium,-33.88905995,151.225387171003
611,BUDAPEST,47.4983815,19.0404707
1539,"Aljazera, Abu Dhabi",,
1415,"Al Nasr, Dubai",25.237745,55.3126687
1050,"Hristov Bonev Stadion, BLAGOYEVGRAD",,
150,La Bombonera,-34.63569025,-58.3648651566796
550,PERTH,-31.952712,115.8604796
267,Estadio Regional,-38.0177758,-57.5743937391606
1654,Valenciennes,50.3594889,3.5266657
2121,"Nissan Stadium, Yokohama",,
153,"Boca Juniors, Buenos Aires",-34.6228467,-58.350803453657
474,Brandon Park WOOLAGONG,,
212,Estadio San Juan del Bicentenario,,
12,St Denis Paris,48.935773,2.3580232
1873,"Cowboys Stadium, Arlington",,
1143,TAMPERE,61.4980214,23.7603118
1537,"Supachalasai National Stadium, Bangkok",,
1706,Stadtisches FRANKFURT,52.3413532,14.5430296
1865,Estadio Municipal Ceibeno,,
407,Craven Cottage,51.4748554,-0.221593801819923
415,"Lang Park, Brisbane",-27.4649983,153.009602020717
401,Playa Ancha VALPARAISO,-33.0390699,-71.4004078
880,Brinco de Ouro,-22.90963435,-47.0434678
1087,Spartak SUBOTICA,46.1007432,19.6698199
825,MIAMI,25.7742658,-80.1936588
525,Sultan Qaboos Sports Complex,23.573024,58.3997746
1011,"Robert Diochon, Rouen",49.4104779,1.06982712341846
1901,GYOR,,
112,"CenturyLink Field, Seattle",47.59544435,-122.331651592483
1699,BOCHUM,51.482321,7.2187465
1679,Atocha SAN SEBASTIEN,,
480,Etihad Stadium,53.48315825,-2.20053414773414
551,"Pakhtakor Stadium, Tashkent",41.3155045,69.2603393371698
732,"Longchamps, Brussels",,
1876,Campo de los Hermanos Ghersi,,
2144,Estadio La Corregidora,,
168,Estadio Nemesio Camacho El Campin,4.6454056,-74.0762048721477
1119,Goodwood Showground,-33.9151884,18.5490552
427,Ruimsig Stadium,-26.0717984,27.8666653
900,"Municipale, Bordeaux",44.8439394,-0.543356476657743
1488,1st Hampden,39.3309401,-76.6349685
585,Simmeringer Platz,48.1692608,16.41987
1646,"Adolf Hitler, Stuttgart",48.8932022,9.1924775
1670,do Ameal PORTO,41.1796121,-8.5567281
1342,Feyenoord Stadium ROTTERDAM,,
2005,BRAGA,,
2052,Comunale PALERMO,,
343,"13 July, Mar del Plata",,
2106,"Olympic Stadium, Tokyo",,
191,Municipal MAR DEL PLATA,-38.387717,-60.2833457
1423,BARI,41.1257843,16.8620293
2151,Olimpico de CU MEXICO CITY,,
1106,"Stade Gaston-Petit, Chateauroux",46.80202385,1.72148387328641
1714,DUSSELDORF,,
1807,Nacional Sabana SAN JOSE,,
164,"Estadio Chateau Carreras, Cordoba",-31.3648074,-64.2212529442302
1609,DEN HAAG,52.07494555,4.26968032053645
1875,Estadio Pachencho Romero MARACAIBO,,
1993,"Al Wasl, Dubai",,
824,"9 de Mayo, Machala",-3.2619842,-79.9616536
76,"Stade 11 June, TRIPOLI",,
1721,BEUTHEN,,
965,do cafe LONDRINA,,
771,Giovanni Zini CREMONA,45.1400449,10.0350246543134
274,CORDOBA,37.8845065,-4.7793654
537,Kingsmead,53.2436546,-2.5188348
1495,"Celtic Park, Glasgow",55.849717,-4.2053894372093
1158,MONTEGO BAY,18.4724603,-77.9217356
1207,BUSAN,35.1853168,129.0625899
1121,Tamale Stadium,9.4061075,-0.8606191
697,"Bukit Jalil National Stadium, Kuala Lumpur",3.0547447,101.691244832627
620,"Tivoli Neu Stadion, Innsbruck",47.25587895,11.4113187227
257,Arena Corinthians,-23.54552645,-46.4741902596486
1269,Pedro Marrero,23.1073616,-82.4128517
1980,"Public Stadium, CHANGWONG",,
1447,"Manuel Martinez Valero, Elche",38.26704445,-0.663305046271656
587,"Stade De Colombes, Paris",,
765,Piazza d'Armi TURIN,45.3677759,7.7633338
1605,Carthagene SPAIN,37.6267868,-1.0006183
2014,Albacete,,
224,Cuauhtemoc PUEBLA,19.223056,-97.3383329
239,Jose Amalfitani BUENOS AIRES,-34.6354406,-58.5207489308229
2012,Stadion Karadorde,,
731,Neuvo ELCHE,,
482,Cong Hua SAIGON,47.0451276,-122.9031498
1389,Robertson Stadium,36.4733265,-86.6625169
353,PARNU,58.3800572,24.5200466
1837,"Stade Sylvio Cator, Port-au-Prince",,
97,"River Plate, Buenos Aires",,
351,"Reales Tamarindos, Portoviejo",-1.0485139,-80.4538083760925
1667,Ulsan Munsu Stadium,35.53526295,129.259494850927
2114,NIGATA,,
1629,KUOPIO,62.8924601,27.6781839
213,Hong Kong Stadium,22.27314255,114.188652309264
1287,Dozsa Ujpest BUDAPEST,,
847,San Diego Stadium,32.7818969,-117.1144678
16,Stade d'Angondjé,0.5221699,9.3930774457708
1388,Wakefield High School,35.94729485,-78.571879367892
268,Metropolitano - Bariquisimeto,,
1167,Guillermo Canedo (Azteca),,
1275,"Letna Sparta, Praha",,
355,Republican YEREVAN,40.17202345,44.5255405804617
1515,"The Den, London",51.5073219,-0.1276473
1048,Ivailo TURNOVO,43.0814476,25.6335389
819,Cicero Pompeu de Toledo,-23.60014865,-46.7200959093223
1490,1st Cathkin,55.8048446,-4.1933912
502,Domain AUCKLAND,-36.85904015,174.775985440705
539,Hartley Vale,-33.5316666,150.2344444
1470,Nepstadion,,
723,"Slavia Stadium, Sofia",42.6751418,23.2719871221801
1883,SIOFOK,,
324,NRG Stadium,29.6848488,-95.4108308532699
963,Lansdowne Road,53.334398,-6.2256164
1127,ARMENIA COLOMBIA,4.4922673,-75.7396252904384
483,"National Stadium, Seoul",37.6367667,127.1040531
507,Lancaster Park CHRISTCHURCH,-43.54264275,172.653885811261
2147,SAN DIEGO CALIFORNIA,,
1336,"MCH Arena, Herning",56.11690805,8.95090626379648
596,"BayArena, Leverkusen",51.03835245,7.00288485568142
1793,"Alexandra Avenue, Athens",,
977,Al Nehayan Stadium,,
1843,Estadio Matute LIMA,,
1018,"Yuri Gagarin, Varna",43.2093665,27.9328094
1312,Mario Puchoz AOSTA,45.73719535,7.3273810583508
1911,Vicarage Road,,
1904,Varosi Stadion NYIREGYHAZA,,
1159,KINGSTON,17.9712148,-76.7928127
50,NEZAHUALCOYOH,,
1288,Sostoi NYREGYHAZA,,
1774,Toumbas Stadium,,
2209,SAN ISIDRO de General,,
1796,Piraus PIRAEUS,,
221,"Comunale, Florence",43.77507505,11.2392184230905
1387,"Boston, USA",42.3604823,-71.0595677
1166,TOLUCA,19.292545,-99.6569006
1092,Stade de Sikasso SIKASSO,,
937,GUADALAJARA,40.7399963,-2.50592992588473
990,Brigido Iriarte,10.48302725,-66.9413412652185
1602,"Marc'Antonio Bentegodi, Verona",45.4353462,10.9685724092286
568,Sletovy PRAHA,,
471,Hyochang Park SEOUL,37.5451016,126.960804622863
1362,Arosvallen VASTERAS,59.62040235,16.5406131079334
1933,DALIAN,,
101,Estadio Boca BUENOS AIRES,-34.63569025,-58.3648651566796
1625,Skogsvallen LULEA,65.5992644,22.1619924290267
979,A Conto Pereira,,
1394,"Al Ahli, Riyadh",,
2170,TETOUAN,,
265,"Los Defensores Del Chaco, Asuncion",-25.0870695,-57.523595
1478,LFF Stadium Vilnius,54.66853855,25.2947060376998
31,"National Stadium, Khartoum",,
1441,Aleppo,36.197971,37.1656697
1675,"Saint Symphorien, Metz",,
1842,Skinner Park SAN FERNANDO,,
1913,PADUA,,
1691,"Stade de l'Abbe Deschamps, Auxerre",47.78678475,3.58862372088038
1286,FTC BUDAPEST,47.4802734,19.1155451668374
662,"Paul-Gruninger Stadion, St Gallen",47.4338657,9.40571110852615
413,Beijing,39.9059631,116.391248
1358,"Olympic Stadium, Stockholm",,
2125,SBC Stadium,,
632,"Tivoli, Innsbruck",47.2598551,11.4064845
1187,The Kingdome SEATTLE,47.5985216,-122.3313155
577,Stamford Bridge,51.4816865,-0.191963564421104
467,Beersheva TEL AVIV,,
1270,Hasely Crawford ST JOHN'S,,
882,CURITIBA,-25.4295696,-49.2712361
2066,Garibaldi PISA,,
802,Big Eye Stadium OITA,,
1620,Estadio Rico Perez,38.35734585,-0.492597322119981
929,Walkers Stadium,40.76003535,-111.848890583698
367,"Laugardalsvollur, Reykyavik",64.14360275,-21.8789321751693
1365,Kimiidera WAKAYAMA,34.1880057,135.1876099
605,WAC Platz WIEN,48.2071225,16.40285225
1174,King Senzangakhona Stadium,,
184,Estadio Elias Aguirre,-6.7682214,-79.8610196651558
2120,Sapporo Dome,,
1584,OFFENBACH,50.088766,8.766286
472,Big Arch Stadium HIROSHIMA,,
1722,Rapid BUCURESTI,,
1572,TJK Stadion TALLINN,,
560,SARAJEVO,43.8519774,18.3866868
610,Rudof Gheimer Platz WIEN,,
1095,"Stade Omnisports Ahmadou Ahidjo Stadium, Yaounde",,
586,Mussolini TURIN,44.9590035,7.2973717
270,Estadio La Portada,-29.9116308,-71.2524773615612
316,Artemio Franchi FLORENCE,43.7808507,11.2828534966737
569,"Tehelne Pole Stadion, Bratislava",,
216,"Santiago Bernabeu, Madrid",40.4523258,-3.6906622
298,"Vicente Calderon, Madrid",40.40174065,-3.72065579018722
1546,Miesto Stadionas KLAIPEDA,55.72635785,21.1095870909582
1985,Al Wakra Stadium,,
2156,Estadio Jaliasco,,
514,Hutt Recreation Ground AUCKLAND,,
726,Stadion Evaena Roaickaho,,
420,"Suncorp Stadium, Brisbane",-27.4649983,153.009602020717
1080,MOSKVA,55.7506828,37.6174976
156,Giuseppe Meazza MILAN,45.47820035,9.12396399069145
510,Carlaw Park AUCKLAND,-36.85357545,174.776020975754
1136,"Investors Group Field, Winnipeg",49.80800415,-97.1428907888098
1535,Trikelim Stadion TRIKALA,,
1896,Tsirion Athletic Centre LIMASSOL,,
1554,NARVA,59.3766915,28.1921057
2003,LEEUWARDEN,,
677,Liberty Stadium,51.64300855,-3.93485269478247
1271,Rio Tinto Stadium,40.5828795,-111.892523227513
124,"Sao Januario, Rio de Janeiro",-22.1715619,-42.4213831
1708,"Stadion Narodowy, Warsaw",52.23968845,21.0455181640116
278,"Estadio Monumental, Lima",-12.0556046,-76.935967779653
1352,"Ibrox Stadium, Glasgow",55.85322665,-4.30921454062126
1498,Absa Stadium,-29.8248139,31.0296651232557
915,BERLIN,52.5170365,13.3888599
1201,Hernan Ramirez Villegas,,
1767,NAPLES,,
1885,E.Iacovone TARANTO,,
688,BAHRAIN,26.1551249,50.5344606
1035,Osaka (JPN),,
177,MAR DEL PLATA,-37.9977224,-57.5482702
1379,HEREDIA,10.17797235,-84.0582362632662
1882,Stade Aziz TEHRAN,,
615,Ujpest BUDAPEST,47.5774145,19.0930636206187
1264,SAN FERNANDO,16.9134645,-93.2203811018791
1581,"Heinrich-Zisch-Stadion, Munich",,
588,Calderon MADRID,-0.0778859,-78.4317129
1375,Brondby Stadion,55.64893935,12.4195115738722
1323,"Viktoria, Hamburg",53.5585843,9.91246255036196
85,Melbourne Cricket Ground,-37.81990625,144.983220037201
927,"Swedbank Stadium, Malmo",55.58344335,12.9875631383165
1559,Dr Magalhaes Pessoa Stadion LEIRIA,,
86,Wien,48.2083537,16.3725042
1001,"Junak, Sofia",,
414,Seiffert Oval,-35.34525355,149.243063934092
944,"Benito Villamarin, Seville",37.35652305,-5.98180138780109
344,"Hrazdan Stadium, Yerevan",40.18036705,44.4946722921886
1053,Veliko TIRNOVO,43.0820584,25.6321312
1317,"Aarhus Stadion, Aarhus",,
1938,SAYDA,,
746,"St Cloud, Paris",48.8426,2.2045308
594,"Mungersdorferstadion, Cologne",,
139,Recife,-8.064193,-34.8781516
517,"Queen Elizabeth II Park, Christchurch",-43.49144475,172.706945283714
319,Estadio Malvinas MENDOZA,-32.9313412,-68.8523417011872
1817,Monterrey Park California,,
501,"Athletic Park, Wellington",39.874483,-86.1426169
876,Estadio Pedro Pedrossian,-20.50142745,-54.6101875999096
1823,SAN ANTONIO,,
1359,Ullevi GOTEBORG,57.7059173,11.9888397382423
595,Parkstadion GELSENKIRCHEN,51.5591248,7.0682484192968
982,Jose Encarnacion Stadium,-34.61011075,-58.9083671516027
346,"Bilino Polje, Zenica",44.2058245,17.907200461274
1966,Du Couremmement SHIRAZ,,
1297,das Antas LISBON,38.9167521,-9.3375897
597,"Veltins-Arena, Gelsenkirchen",51.55459375,7.06760008798453
667,"Stade Louis II, Monaco",43.7275713,7.41545769529675
382,Karadorde Stadium,44.78322025,20.4646750508839
905,BAHIA SALVADOR,-12.9822498,-38.4812771
858,Metropolitano Merida,8.6206669,-71.1302023
576,Hohe Warte,51.896066,8.8652894
1972,Rasheed Stadium,,
1844,San Fernando PORT OF SPAIN,,
1315,Idraettsparken,,
1969,KARACHI,,
375,SETUBAL,38.51736365,-8.89634062930799
1229,Estadio Garcilaso de la Vega CUSCO,,
1870,Estadio Francisco Morazan,,
1348,"Estadio do Dragao, Porto",41.16172995,-8.58271406374885
23,Liberty IBADAN,7.3688607,3.87389
2167,IRAPAUTO,,
1834,Estadio Brigido Iriarte,,
1880,Nuevo ELCHE,,
1824,Potosino Alfonso Lastras,,
2107,Hakadanomori FUKUOKA,,
1156,UCF Soccer and Track Complex,,
1712,Wildparkstadion KARLSRUHE,,
719,"Bunyodkor Stadium, Tashkent",,
898,Estadio Nacional de Costa Rica,,
2081,Municipal Chikko OSAKA,,
879,Olimpico PORTO ALEGRE,-30.06053615,-51.2134085679591
598,UPC Arena,,
692,"Al Abbasiyyin Stadium, Damascus",,
545,"AFG Arena, St Gallen",47.4087228,9.30586754483616
2095,CESKE BUDEJOVICE,,
45,Aline Sitoe Diatta,12.5592452,-16.2823951
392,National Stadium MANAMA,,
513,"Mount Smart Stadium, Auckland",-36.9178348,174.812280203623
1532,Ventspils Olimpiskais Stadions,57.38778245,21.5703119429537
339,GIFU JAPAN,35.7867449,137.0460777
2193,AMSTERDAM,,
1981,"Public Stadium, ULSAN",,
575,"Cricketer Platz, Vienna",,
1033,"National Stadium, Kingston",18.00137915,-76.7726328610946
476,"International Stadium, Yokohama",35.5099882,139.606382543878
1282,Dresdener DRESDEN,52.5016068,13.4166455
458,"Ulloi ut, Budapest",47.4413488,19.1826927
1476,"Juventus Stadium, Turin",45.10955815,7.64126454663226
208,Estadio Nacional Mateo Flores,,
161,SANTIAGO,-33.4377967,-70.650445
24,Felix Houphouet Boigny,18.0850922,-15.9838708
1244,MACHALA,-3.2587493,-79.9595132
2205,"Guangzhou Tianhe Sports Center, Guangzhou",,
1520,Roker Park,54.9223711,-1.3710877
1182,BROOKLYN,25.06013005,-77.3124820417139
2042,S PAOLO NARNI SCALO,,
1368,"Turk Telecom Arena, Istanbul",,
1724,"WWK Arena, Augsburg",,
1272,M&T Bank Stadium,39.2779664,-76.6238092083547
1732,MANNHEIM,,
1177,"Hasely Crawford Stadium, Port of Spain",10.6615227,-61.5331167927297
1671,Municipal GUIMARAES,42.7832389,-7.5328105
708,Gelora Bung Karno Stadium,-6.2186531,106.7985449
1660,Partenopeo NAPLES,40.8505426,14.2562552
1550,"YMCA Stadion, RIGA",,
1506,Lenin Stadium,17.2532207,80.1420428305892
1705,Wedaustadion DUISBURG,51.40911845,6.77860177806048
583,City Stadion LINZ,48.3059078,14.286198
1112,ARNHEIM,51.9846929,5.9115982
1728,"Altona, Hamburg",,
185,"Jose Rico Perez, Alicante",38.35734585,-0.492597322119981
640,Porto,41.1494512,-8.6107883
984,Estadio Quisqueya,18.4885805,-69.9261528684625
736,Highbury,51.5457996,-0.1027126
1327,FLENSBURG,54.7833021,9.4333264
549,Spartan Stadium SAN JOSE,37.3196141,-121.868374577594
47,BOUAKE,7.6906058,-5.0298407
1004,"9 Septemvri, Plovdiv",42.1529465,24.764751
572,Na Bazalech OSTRAVA,,
1407,BALTIMORE,39.2908816,-76.6107589
1940,"Amman International Stadium, Amman",,
618,LINZ,48.3059078,14.286198
917,SAO JOSE DO RIO PRETO,-20.812585,-49.3804211
1698,"PGE Arena, Gdansk",54.3874142,18.6489712
1850,Nacional la Sabana SAN JOSE,,
1485,ANEF,-33.402618,-70.7474754
1950,"Fengtai Sport Centre, Beijing",,
333,"Estadio Olimpico, Caracas",10.4912006,-66.8862426528049
1957,"Yanggakdo Stadium, Pyongyang",,
1314,"Park Royal, London",51.5268176,-0.2840825
290,"Arena Nationala, Bucurest",,
1431,"Addis Ababa Stadium, Addis Ababa",9.0127196,38.75597
1641,"Asim Ferhatovic Hase, Sarajevo",43.8737045,18.4084479251974
1140,StubHub Center,33.86430885,-118.261074105668
2196,SEVILLA,,
1504,"Wrigley Field, Los Angeles",,
1986,Doha Stadium DOHA,,
1310,"Vetch Field, Swansea",,
2131,"Estadio do Bonfim, Setubal",,
220,JERUSALEM,31.78911765,35.2229730135452
1031,"Stadio Olimpico, Turin",45.0417485,7.65001654877933
1545,Armijas KAUNAS,,
134,Sarria BARCELONA,41.399373,2.1215125
799,Campo de el Sardinero SANTANDER,,
370,KAUNAS,54.8982139,23.9044817
2010,SIBIU,,
284,"Dalymount Park, Dublin",53.3618575,-6.27495263757693
204,"Commerzbank Arena, Frankfurt",50.06857865,8.64551995209912
1015,Rosenau,47.6375154,7.5371474
108,Monumental de Nunez BUENOS AIRES,-34.5502171,-58.4566319
40,TUNIS,33.8439408,9.400138
961,Estadio Municipal de Coimbra,,
1397,Lagoao NATAL,,
282,"Nacional, Lisbon",14.6730727,121.0958225
935,TERESINA,-5.0896402,-42.8095879
1835,"Helong Stadium, Changsha",,
1460,Montpellier,43.6112422,3.8767337
1599,Ennio Tardini PARMA,44.7949283,10.3383873482639
146,Jose Pachencho Romero,10.6740533,-71.6449985312034
1024,National ZALAEGEROZER,,
1057,VINA DEL MAR,-33.0245029,-71.5518118
1860,RIFU,,
1657,Campo TURIN,45.425397,7.7164875
463,"Rajamangala National Stadium, Bangkok",13.75535745,100.622095811075
1014,MUNCHEN,48.1371079,11.5753822
616,Linzer Stadion,48.2937943,14.2765366905744
48,National Chiazi Stadium,,
1857,Estadio National SAN PEDRO SULA,,
1257,KINGSTON JAMAICA,17.9712148,-76.7928127
1125,"Independence Stadium, Lusaka",-15.37116835,28.269067898848
2169,Aix-En-Provence,,
2040,"Stadio Renato Dall'Ara, Bologna",,
1809,Estadio Flor Blanca SAN SALVADOR,,
209,Memorial Stadium (L.A),,
1390,McAfee Coliseum,,
904,G Jose Fragelli,-15.6040648,-56.1216449049125
1709,Stadio Giuseppe Meazza,45.47820035,9.12396399069145
1220,CUENCA,40.0681156,-2.134824
183,"Antonio Vespucio Liberti, Buenos Aires",-34.54535335,-58.4497297338262
902,"Volksparkstadion, Hamburg",53.5871535,9.89870555368627
1203,TEGUCIGALPA,14.0931919,-87.201263
202,"Allianz Arena, Munich",48.21875735,11.6246933758953
664,"Stadion Rankhof, Basel",47.5249406,7.70645900408929
641,"Estadio Josa Alvalade XXI, Lisbon",,
2139,QUERETARO,,
1523,WUHAN,30.5960213,114.2992796
486,Municipal PUSAN,35.107221,128.963904
1084,HASK ZAGREB,,
832,Estadio Casa Blanca QUITO,-0.107723,-78.4896403583546
1021,Costantoglio SALONIKA,,
1991,Vodacom Park,,
311,Racing Club AVELLANEDA BA,,
912,"Saint Denis, Paris",48.935773,2.3580232
1134,HAVANA,23.1379911,-82.3658561
1251,"Estadio de la Revolucion, Panama City",,
2037,"Miejski Stadion, Poznan",,
1914,Packard Bell Park,,
430,Exhibition Grounds BRISBANE,-27.4504139,153.030803
352,Abovyan,40.2723102,44.6241011
770,Libero Liberati TERNI,42.5622062,12.6352480889429
646,KLAGENFURT,46.6228162,14.3079604
1124,TEHRAN IRAN,35.7006177,51.401375
1760,Stade Du Ray Nice,,
143,Estadio Magalhaes,-19.62256095,-44.03934537521
1276,LAS PALMAS,27.9580004,-15.6062304376665
2181,LAGOS,,
592,"Berliner, Berlin",52.370188,9.7529507
1452,Modibo Keita BAMAKO,12.6308231,-8.0091761
7,"Stade Ahmed Zabana, Oran",35.683357,-0.636515509833405
1161,TAEGU,35.8404121,128.5586643
1456,"Lillekula Stadium, Tallinn",,
1117,"Comunale, Bari",41.1255116,16.8674549709614
229,"AOL Arena, Hamburg",,
2198,STOCKHOLM,,
865,MALDONADO,-34.9087161,-54.9582717
263,Nacional ASUNCION,14.6053097,120.9658202
1404,Albuquerque,35.0841034,-106.650985
1775,EINDHOVEN,,
421,Nemesio Camacho BOGOTA,4.6454056,-74.0762048721477
416,CANTON,23.1300037,113.259001
997,de Almeida Filho,-23.0089508,-43.4586854
1144,"VfL Stadion, Wolfsburg",52.42532775,10.8001678107399
1012,St James Park,54.97559195,-1.6219728063928
670,"Ali Sami Yen Stadi, Istanbul",,
1700,FRANKFURT,50.110653,8.682093
249,Polideportivo Cachamay,8.3124332,-62.6961930369156
2001,"Sammy Ofer Stadium, Haifa",,
15,Alexandria,31.199004,29.894378
1634,Kupittaa TURKU,60.4457649,22.294073
1126,Estadio Nossa Senhora do Monte,32.67059565,-16.9362621951237
1042,HASKOVO,41.9345727,25.5556639
1305,Stade de Tourbillon,46.2333054,7.37597305025632
696,"Khalifa Bin Hamad Stadium, Doha",,
1522,Stadion BSK,44.76382545,17.1792401
1534,Horst-Wessel Stadion KONIGSBERG,,
1958,"Al Ahli Stadium, Doha",,
1752,Municipal ACCRA,,
1111,"Complexe Sportif de Fès, Fès",,
1902,Inonu,,
2126,Bin Said AL AIN,,
410,MELBOURNE,-37.8142175,144.9631608
2130,Viseu,,
1216,PEREIRA,4.8142912,-75.694645
1217,Yale University NEWHAVEN,,
1154,Szekesfehervar Stadion,47.1726574,18.4130866
1746,"Accra Sports Stadium, Accra",,
680,"Maksimir, Zagreb",45.8333119,16.0101508
930,"Osaka Nagai Stadium, Osaka",,
784,"Oude Stadion, Amsterdam",,
1076,Dinamo Stadium KYIV,50.45067015,30.5313350597607
53,"Stade Hassan II, Fès",34.04792015,-4.99941668154762
1311,Sparta Letna PRAHA,,
63,"Estadio Tecnologico, Monterrey",25.652273,-100.287169310732
1680,Torrero ZARAGOZA,41.6300685,-0.8866332
1798,"Basaksehir Fatih Terim, Istanbul",,
1898,Walhalla GOTEBORG,,
1147,"Royal Athletic Park, Victoria",48.43105265,-123.354289658653
2100,PYONGYANG,,
1193,COSTA MESA,33.6633386,-117.9033169
1274,"Letna Stadium, Praha",50.0999455,14.4150703102167
2124,Miyoshi Sports Park HIROSHIMA,,
1992,BEIRUT,,
2129,Vilnius Stadium,,
2187,Den Haag,,
702,Saitama Stadium 2002,35.8951196,139.630753006184
1234,"University of Phoenix Stadium, Glendale",33.52770765,-112.262564802643
1381,"Stade des Alpes, Grenoble",45.1874313,5.73897646407741
1044,"Estadio Dr Magalhaes Pessoa, Leiria",39.7487616,-8.81293120487284
713,CHANGWON,35.2280454,128.6817916
1965,Al Qadisiya Stadium,,
2041,San Nicola,,
2079,Shibaura TOKYO,,
964,"Croke Park, Dublin",53.3606275,-6.2526324947227
1906,NAGOYA,,
1029,Dino Manuzzi CESENA,44.14036675,12.261881117319
1687,"Stade Gerland, Lyon",45.72377615,4.83225417085393
1405,HOUSTON,29.7589382,-95.3676973
901,FLORIANOPOLIS,-27.5973001,-48.5496097
1937,Bin Mohamed DUBAI,,
613,MTK BUDAPEST,47.49091585,19.1067130243033
2150,Stade Dominique Du Vauchelle Creteil,,
1430,"Cairo International Stadium, Cairo",30.0691158,31.3121525587493
748,"Stade De Paris St Ouen, Paris",,
694,F & P KUWAIT,19.560336,-99.0315768
2036,Stadio San Nicola,,
1779,Sadion Restelo BELENENSES,,
1316,Molineux,17.3686959,-62.7547083
2087,"Ohmiya Stadium, Saitama",,
888,GUANGZHOU,23.1300037,113.259001
925,Jose Fragelli,-15.6040648,-56.1216449049125
625,"San Siro, Milan",45.4778878,9.1335483
1973,Municipal TEHRAN,,
1016,"Guanajuato, Leon",21.0973352,-101.647642206618
456,National Stadium HONG KONG,,
2033,Cino ASCOLI PICENO,,
130,de Nunes BUENOS AIRES,,
1920,Stadion FC ViOn,,
1152,"Estadio Olimpico, San Pedro Sula",,
1411,Rentschler Field,41.7596263,-72.6188314638332
2000,"Central Stadium, HONG KONG",,
1580,Altonaer Stadion,52.8992958,8.42493354061574
145,Emirates Stadium,51.55504035,-0.108399570867237
815,"Estadio Olimpico Miraflores, La Paz",-16.4995658,-68.1228543367001
332,Jose Pachenco Romero MARACAIBO,,
1544,LSB Stadion,35.4634696,-97.5150905853135
1089,NIGATA JAPAN,34.22177245,132.655386412959
1436,Army Ground CAIRO,,
1900,LIMASSOL,,
2045,San Paulo NAPLES,,
402,"Cricket Ground, BRISBANE",-27.48581715,153.038106280705
889,"Arruda, Recife",-8.0250815,-34.8913228
1866,MAIMI,,
884,LOS ANGELES/ANAHEIM,33.7790465,-118.2795059
2068,Lincoln Financial Field,,
373,Windsor Park,54.5826174,-5.95517779625906
1603,JAMSANKOSKI,61.9191417,25.1793075
968,"Waldstadion, Wegberg",51.13829145,6.30682186486865
1402,Atahualpa GUAYAQUIL,-2.2701473,-79.8792059
1946,Chulalongkorn University Stadium BANGKOK,,
170,Metropolitano Roberto Melendez,,
701,Saitama Stadium SAITAMA,35.9030742,139.717605709319
1351,Neza NEZAHUALCOYOTL,19.4822705,-99.0361429
957,CALI,3.4319329,-76.5113047
1955,"Workers Stadium, Beijing",,
1337,Kobenhavn,55.6867243,12.5700724
2159,Parque Asturias MEXICO CITY,,
88,"Azteca Stadium, Mexico City",19.3029794,-99.1504698525862
2142,Badenova Stadion,,
1808,SAN PEDRO SULA,,
561,Rimnersvallen UDDEVALLA,,
1247,"Bank of America Stadium, Charlotte",35.22580865,-80.8538393211922
1903,UZHGOROD,,
1069,Galatasaray ISTANBUL,41.03281855,28.9787894592105
637,do Lima PORTO,-7.7156439,-73.3233959
1733,Betzenberg KAISERSLAUTERN,,
383,"Stadion pod Dubnom, Zilina",49.2291167,18.7447848179538
60,"Qasim Bin Hamad Stade, Doha",,
148,"Estadio Edgar Augusto Proenca, Belem",-1.38115345,-48.4448359652915
673,Kirov LENINGRAD,60.8080182,33.7159913
1213,EAST RUTHERFORD,40.833989,-74.0970864
262,San Lorenzo de Almagro BUENOS AIRES,,
1677,Nantes,47.2186371,-1.5541361
589,"Stade Velodrome, Bordeaux",44.82924235,-0.598308306318033
186,FedExField,38.90768745,-76.8644867591675
219,TEL AVIV,32.0804808,34.7805274
1553,Kalev PARNU,59.409339,24.7357579
1151,Canad Inns Stadium,49.8925737,-97.1437217346315
1801,Gradski SKOPJE,,
1186,"Windsor Stadium, Windsor",42.29813365,-83.0630974101252
315,La Plata BUENOS AIRES,-34.9206796,-57.9537637
2183,Nashville Coliseum,,
1066,BEJA,38.0156043,-7.865254
1100,"Ellis Park, Port Elizabeth?",,
1086,NK Zagreb,45.79674695,15.9854354886831
1438,PONTA DELGADA,37.7463404,-25.6670662
1041,Restelo LISBON,38.7094661,-9.2108023
1608,Acapulco,10.17958565,-84.7917137727016
1695,"Viktoria, Berlin",52.5145076,13.35011
54,Sfax,34.739739,10.7598516
973,Cartago TUNIS,36.851627,10.330441
468,Sydney FC SYDNEY,,
2075,Big Arch Stadium ST LOUIS,,
2076,HIGH POINT SOUTH CAROLINA,,
35,Estadio Beira-Rio,-30.0654897,-51.2349176815969
521,Newton Park WELLINGTON,52.9672037,-0.9752682
305,MONTEVIDEO,-34.9059038,-56.1913568
512,"Newmarket Park, AUCKLAND",-36.86549855,174.783105568098
386,Ataturk Stadium,41.0744732,28.7656610517417
1930,BIHAC,,
68,"Stade Olympique d'El Menzah, Tunis",36.83984285,10.1851756610146
1258,"Waterford National Stadium, Bridgetown",,
1587,Auf Schalke,50.88138895,7.07179266247089
1319,OULO,9.9659419,13.6164332
432,Fitzroy Cricket Ground MELBOURNE,,
2195,PSV EINDHOVEN,,
764,"Teddy Stadium, Jerusalem",,
1367,Adana,37.0033484,35.3263252
1831,"Sporting Park, Kansas City",,
98,"Estadio Hernando Siles, La Paz",,
1829,Carlos Salazar Hijo MAZATENANGO,,
174,SAN JOSE,37.3361905,-121.8905832
1374,Anfield,53.4308358,-2.96091679738659
198,"Rheinstadion, Dusseldorf",51.26402015,6.72638192302968
105,Monumental,32.5306611,-117.1226437
926,Sheikh Zayed Stadium,24.4160871,54.4543728925973
1082,Lokomotiv SIMFEROPOL,44.95681165,34.0776447503033
924,Palogrande,2.1841706,-76.70995
2019,Municipal BEIT-SHEAN,,
1045,Elisabeta BUCURESTI,44.4345956,26.0941331
444,WACA Ground PERTH,-31.9598426,115.879542883157
1750,Jeddah,,
1780,Nikos Goumas NEA FILADELFIA,,
1694,"Oxford City Ground, Oxford",,
261,Cancha de Sportivo Barracas,,
1131,"Stade Swangard, Burnaby",49.23085915,-123.021723702716
2165,Alamadome Stadium,,
1338,JAFFA,32.0443395,34.7509908
783,ZWOLLE,52.51456525,6.09772035967769
728,"Klokke Stadion, Bruges",,
872,Estadio Luis Loreto Lira VALERA,,
607,WAC BECS,48.2071225,16.40285225
1028,Stadion ETO,47.69568755,17.6636945226546
205,Esprit Arena,51.26162985,6.73315153648407
2157,Estadio Olimpico de la Ciudad Universitaria,,
776,Tokyo National Stadium,35.67827215,139.715078809041
1932,SHENYANG,,
1715,GLESENKIRCHEN,,
1254,MALABAR,-9.37759105,46.3617080669586
1919,"Pierre De Coubertin, Cannes",,
1862,"Queens Park Oval, PUERTO ESPANA",,
1931,"Sporting Club Stadium, Doha",,
2145,Toyota Park,,
1294,Rosickeho PRAHA,50.08043895,14.3837317665043
2032,Stadio Romeo Menti,,
1874,"Florida Atlantic University Stadium, Bocaraton",,
1543,LFLS Stadionas,,
2013,"Rand Stadium, Johannesburg",,
1921,Baiersbronn,,
131,"Morumbi, Sao Paulo",-23.5957391,-46.7072594387581
1030,"Estadio D. Afonso Henriques, Guimaraes",,
1420,Municipal WAD MADANI,,
1455,IZMIR,38.4153421,27.144474
246,"Memorial Coliseum, Los Angeles",34.0139923,-118.288028548483
2016,ODESSA,,
1007,New York,40.7305991,-73.9865811
2155,VERACRUZ,,
1440,PORT SAID,31.263235,32.305505
484,National Government Stadium HONG KONG,,
18,Accra,5.5600141,-0.2057436
2179,Municipal KUMASI,,
737,The Hawthorns,52.5055248,-1.9645449
1453,Monastir,39.38474,9.044841
1855,Ricardo Saprissa,,
1632,DEMZLI,,
2138,Municipal TEXCOCO,,
2053,Amsicora,,
1499,"Estadio Metropolitano, Madrid",40.4530512,-3.68754618942801
526,St Kilda Football MELBOURNE,,
1105,Stade Babemba Traore SIKASSO,,
1038,MORELIA,19.7027684,-101.1923187
1170,"Estadio Rommel Fernandez, Panama City",9.0358262,-79.4694872696696
1237,Centro Total de Entretenimiento,8.3124332,-62.6961930369156
1239,"Nacional, SAN SALVADOR",14.6095112,121.0978574
1356,Atteridgeville Super Stadium,,
273,LIMA,-12.0621064,-77.0365255
1673,Stadionul Ghencea BUCURESTI,44.4127766,26.0404780370227
1701,KAISERSLAUTERN,49.4432174,7.7689951
1726,JEREZ DE LA FRNTERA,,
1776,"Maccabi Stadium, Tel Aviv",,
1162,PASADENA,34.1476452,-118.1444778
67,"El Annasser, Algiers",36.03661345,4.83621597294574
91,"Nacional, Lima",-11.884228,-77.0339059910828
950,"Estadio Defensores del Chaco, Asuncion",-25.2917939,-57.6574382563891
1058,Orlando Stadium,-26.23186305,27.9228589918092
1954,"Xiannongtan, BEIJING",,
2092,"Chongqing Olympic Sports Center, Chongqing",,
989,Estadio Universitaria CARACAS,10.4912006,-66.8862426528049
591,NURNBERG,49.4538723,11.0772978
896,PARANAVI,-19.7502115,-66.8991881
1426,"Kasarani, Nairobi",-1.220872,36.9012224
1340,"Al Maktoum Stadium, Dubai",,
328,Olimpico CARACUS,,
436,"Sydney Football Stadium, Sydney",-33.88905995,151.225387171003
2039,ANCONA,,
761,Szekesfehervar,47.1910169,18.410811
1074,Trabzon,41.0052391,39.7253106
395,"Al Sadd, Doha",25.2781809,51.5019019
1755,Levy Mwanawasa Stadium,,
1231,Campus Municipal MALDONADO,,
157,CALCUTTA,22.5677459,88.3476023
1110,Municipal KENITRA,34.26255845,-6.58235384247131
1540,Nereo Rocco TRIESTE,45.62254665,13.7928914944861
1137,"Aalborg Stadion, Aalborg",57.05203525,9.89859934202599
873,"Pachenricho Romero Stadium, MARACAIBO",,
826,VILLAVICENCIO,4.1315113,-73.6206666
1034,Kokuritsu National TOKYO,35.71892275,139.775866874032
966,BELO HORIZONTE,-19.9227317,-43.9450947
2208,Alajuela,,
2031,CAMPOBASSO,,
299,Littoriale BOLOGNA,,
2199,KONYA,,
958,Park General San Martin MENDOZA,-22.0459321,-63.6862691
939,"Pascual Guerrero, Cali",3.42987505,-76.5417538707208
1516,Selhurst Park,51.3982724,-0.0854193186833424
1047,Julesi BUCURESTI,,
133,Estadio Gigante de Arroyito,-32.9140188,-60.6751091075302
1060,GRANADA,37.1830197,-3.6021919
1666,Pocitos MONTEVIDEO,-34.9074399,-56.1461842
600,KAVALA,40.9557059,39.7881236
996,BRASILIA,-10.3333332,-53.1999999
345,"The Republican Stadium, Yerevan",40.17202345,44.5255405804617
678,Concordie ZAGREB,,
810,"Stade Pierre-Mauroy, Lille",50.61204445,3.13044686168557
281,"Estadio da Luz, Lisbon",38.7526572,-9.1846924617537
2015,"Stadion Brugglifeld, Aargau",,
1240,"Coliseum Stadium, Oakland",37.7516333,-122.200474777544
1735,ROSTOCK,,
579,Ryavallen,57.7357223,12.93493155
43,Casablanca,33.5949733,-7.6188008
567,Sparta PRAHA,50.1057855,14.5582149
949,Libertad ASUNCION,-8.1067654,-79.0369646
122,Parque Antartica,-81.597433,67.2194577
1366,Ataturk ANKARA,40.198687,32.67454
511,"Senayan Stadium, Jakarta",-6.22032795,106.805869988069
1003,Vitkovice OSTRAVA,49.8061907,18.2636469
236,SHIZUOKA,34.8566552,138.4855544
1160,"Independence Stadium, Mmabatho",,
1604,Shizuoka (JPN),,
329,Rosario Central SANTA FE,-32.9362452,-60.6409895
1907,Videoton SZEKESFEHER,,
1934,SHANGHAI,,
1212,"Reliant Stadium, Houston",29.6848488,-95.4108308532699
2009,"Stade Municipal, Brasov",,
1527,KOTKA,60.4674228,26.9450844
628,"Stadio Friuli, Udine",46.08154745,13.1999581
1392,Meadowlands Stadium,-26.23186305,27.9228589918092
1743,"Estadio de Bata, Bata",,
1530,KURESSAARE,58.2527693,22.4849207
1477,"World Cup Stadium, Seogwipo Ju Ju",,
833,Estadio Atahualpa,4.68879285,-74.1452522029148
1326,HAMBURG,53.5503414,10.000654
2043,CATANIA SICILY,,
893,"Sun Life Stadium, Miami",25.9579158,-80.2388668660709
1631,Adana 5 Ocak Stadium,,
321,"Birmingham, Birmingham",39.9051099,-75.5943745
121,Barracas BUENOS AIRES,-34.6452853,-58.3875618
622,Civico Arena MILAN,,
179,RIYADH,24.6319692,46.7150648
457,"Mong Kok Stadium, Hong Kong",,
1255,Reliant Stadium,29.6848488,-95.4108308532699
2086,GUANGDONG,,
1023,AS 23 SOFIA,-35.7012011,-61.1683497
1924,Gamla Ullevi,,
1803,Gradski stadion u Poljudu,,
1062,BOURGAS,42.4942274,27.4550161
934,Sangam World Cup Stadium,37.57278,126.89929
887,Jeju World Cup Stadium,33.24624875,126.509265252333
1022,KOZANI,40.3007259,21.7883119
851,Vivaldo Lima,-3.0754393,-60.0355146
656,"La Rosaleda, Malaga",36.73420375,-4.42659137226611
389,Lviv UKRAINE,49.841952,24.0315921
1623,Tolo HELSINKI,60.1870012,24.9272509317509
1890,JM.Soares LISBON,,
1811,Santa Ana Bowl,,
322,"Robert F Kennedy, Washington DC",38.8932489,-77.0256007708913
411,"Yui Siu Stadium, Canton",,
671,Worthersee Stadion,46.6089701,14.2791265649773
548,"Citrus Bowl, Orlando",28.5390538,-81.4027551
1518,"Ayresome Park, Middlesbrough",54.566736,-1.24215217480928
547,"Mohammad Bin Zayed Stadium, Abu Dhabi",,
619,"Stade Matmut Atlantique, Bordeaux",44.8973524,-0.561604249814463
1064,VARNA,43.2166104,27.9017131
921,PORT AU PRINCE,18.547327,-72.3395927
1061,"9 Septemvri, Burgas",42.502092,27.4620171
1892,Raba Eto GYOR,,
693,"Malaz Stadium, Riyadh",24.6625779,46.7397194
1621,El Molinon,14.1055754,-87.1588726604691
943,Nelson Mandela Bay Stadium,-33.93779195,25.5994087290361
1669,"Stade De Toulouse, Toulouse",,
768,"Stadio di Cornaredo, Lugano",46.02389325,8.96148945664293
1684,"Stade du Nord, Villeneuve D'Ascq",,
2046,Stadio Dino Manuzzi,,
1333,Nagyerdei Stadion,47.55447005,21.6336725834764
1248,Parc Leconte PORT AU PRINCE,,
999,"National Stadium, Beijing",39.99152285,116.390280669993
116,BUENOS AIRES,-34.6075797,-58.4375796
473,"National Stadium, Tokyo",35.67827215,139.715078809041
986,NEW HAVEN CONNECTICUT,41.3082138,-72.9250517
1479,Universitaria,5.0502534,-75.5018156
1633,TAMPA BAY,27.6886419,-82.5723192
1195,Estadio Ricardo Saprissa SAN JOSE,,
703,"Toyota Stadium, Aichi",,
214,ROSARIO,-32.9595003,-60.6615414
1138,Universitario,-38.7044754,-62.2764631343351
1141,"BC Place Stadium, Vancouver",49.2766905,-123.112006089505
192,Stade De France,48.92447255,2.36013252269272
1204,St Etienne,45.4401467,4.3873058
100,Estadio Bombonera BUENOS AIRES,-34.63569025,-58.3648651566796
1009,"Al Ahli, Cairo",29.972792,31.2802243
260,"Pedro Juan Caballero, ASUNCION",-25.2962611,-57.6395029
532,King Abdullah Sports City Stadium,21.7632211,39.1642998996868
42,"Haile Selassie, Addis Ababa",9.0166419,38.7524577
1183,Public School Grounds,40.0953945,-74.1928768188367
1199,Estadio Municipal de Cartagena,,
1369,"Al Shabab, Dubai",25.290665,55.3491499
690,Bourj Hammoud BEIRUT,,
1979,Sports City Stadium BEIRUT,,
2059,"Gelredome, Arnhem",,
1925,Mohamed Bin Zayid Stadium,,
1321,LA MANGA SPAIN,36.4573445,-5.2649502
1465,Pontiac Silverdrome,,
859,Estadio Alejandro Villanueva,-8.00134315,-78.308763989713
654,"Mestalla, Valencia",39.47525,-0.3618599
1839,Estadio Municipal - La Ceiba,,
1081,Spartak PLEVIN,,
1429,El Doha,25.3014957,51.4996673988223
1383,Olimpico Atahualpa,-0.1775603,-78.4765672
1065,Corregidora QUERETARO,20.47781285,-100.44124714158
769,della Vittoria BARI,41.13309295,16.8396832459871
1206,Waynecott Stadium LOS ANGELES,,
419,"Olympic Stadium, Seoul",37.51582415,127.072736191863
1484,Faro,62.0448724,-7.0322971
2177,"Municipal, Marseille",,
1200,Levi's Stadium,37.40303995,-121.969681605055
1480,"Olympisch Stadion, Amsterdam",52.34352,4.85296856495528
860,"Estadio Municipal German Becker, Temuco",-38.7413184,-72.6208462
948,"Central, MONTEVIDEO",-34.8273845,-56.1765333
1176,PORT OF SPAIN,10.6572678,-61.5180172
1859,Nacional PA,,
1852,Estadio Tiburcio Carias TEGUCIGALPA,,
862,Cannes,43.5515198,7.0134418
1761,Epitok BUDAPEST,,
1749,"Stade Robert Diochon, Rouen",,
1120,"Stade 7 Novembre, Tunis",34.78535865,10.6876776047173
793,"Pittodrie, Aberdeen",57.15928595,-2.08855478771977
1085,Jugoslavija BEOGRAD,44.8299267,20.4203559564643
2207,Al Rayyan,,
317,Estadio Miguel Grau,-12.0596789,-77.1199248999426
1428,"Sebastien Charlety, Paris",,
1922,"Estadio Son Moix, Palma",,
173,Estadio Ingeniero Hilario Sanchez,,
1948,NEW DELHI,,
1704,Campo MILAN,40.9702144,-5.6585835
555,"Hohe Warte, Wien",48.2454052,16.3560018
742,"Olympic Stadium, Helsinki",60.1870012,24.9272509317509
200,"Gottlieb Daimler, Stuttgart",48.807239,9.2247305
2105,Stadium HIROSHIMA,,
980,Ernani Satiro,-7.25392275,-35.8808784402907
754,DUISBURG,51.434999,6.759562
812,Varder SKOPJE,,
241,LOS ANGELES,34.0543942,-118.2439408
1574,SHENZHEN,22.5442673,114.0545327
1168,Estadio Victor Manuel Rey,,
62,Asokwa Stadium KUMASI,6.68253175,-1.60507054749001
1845,BASSETERRE ST KITTS,,
266,CHACO,-26.3829646,-60.8816091
187,Wembley Stadium,51.55598385,-0.279578818281401
850,LA PAZ,-16.4956405,-68.1334547
1306,Comunale BELLINONZA,,
252,"Stade Mohammed-V, Casablanca",33.5828718,-7.64683066516085
947,Campo da Flotesta,,
1483,Nacional Stadion,-33.4645423,-70.6106408261617
70,ANKARA,39.9215219,32.8537929
1049,Bonchuk STANKE DIMITROV,,
885,Ibaraki,36.3420485,140.398432594098
1194,"Ford Field, Detroit",42.33995675,-83.045616474037
21,"Stade Gabriel Montpied, Clermont-Ferrand",45.81587745,3.12149959472222
1672,"Stade Auguste Delaune, Reims",49.2471326,4.02477905839123
1123,"Olimpiyskiy NSC, Kiev",,
356,"Ratina Stadium, Tampere",61.4927663,23.7641320799046
403,Showground SYDNEY,-33.7278259,150.9871572
985,Itaipava Arena Pernambuco,-8.0406971,-35.0080945244925
1547,"JKS Stadion, Riga",,
475,Bob Jane Stadium MELBOURNE,-37.84028875,144.965171183347
778,Zalgiris,53.4852657,20.0915287
1413,Acarigua,9.5579996,-69.2050431
293,"Hampden Park, Glasgow",55.82583935,-4.25197399729343
61,"Soccer City, Johannesburg",-26.2347712,27.9826450924133
1225,JEDDAH,21.5822247,39.1640396
451,ANZ Stadium,-33.8471081,151.063384844694
1638,Hajduk SPLIT,43.5125672,16.4417253
492,JAKARTA,-6.1753941,106.8271826
1289,Vsesportovy areal,48.7019708,21.2433182282159
578,"Prater Stadion, Vienna",,
1344,"Metalist Stadium, Kharkiv",49.980863,36.261575957656
422,"Allianz Stadium, Sydney",-33.88905995,151.225387171003
1341,"Zalgiris, Vilnius",54.8029406,24.950034
1847,Marvin Lee Stadium,,
753,"Stade de la Beaujoire, Nantes",,
1037,Nou camp LEON,,
294,"Ellis Park, Johannesburg",-26.1987521,28.0588697
1552,Daugava,56.7784219,24.6289459115835
1132,Qwest Field SEATTLE,47.59544435,-122.331651592483
2050,"Utogrund, Zurich",,
718,CHENGDU,30.6765553,104.0612783
167,Club Atletico River Plate,-34.5450867,-58.4484226209876
711,Abu Dhabi,24.4747961,54.3705762
1281,PNF Nazionale ROME,,
2038,Municipal SIBIU,,
1320,MIKKELI,61.6877956,27.2726569
954,PORTO ALEGRE,-30.0329999,-51.2304999
2141,Proplayer MIAMI,,
347,"Vazgen Sargsyan, Yerevan",40.2362308,44.4517288
1616,Giulesti BUCURESTI,44.4643237,26.0356176222497
714,"Prince Faisal Bin Fahad, RIYADH",24.6494705,46.6657917
1719,ERFURT,,
1006,Estadio Municipal de Braga,,
1165,CD MEXICO CITY,19.3418269,-99.2080243
863,"Tosu Stadium, SAGA",,
1494,"Richmond Athletic, London",51.46710675,-0.304869491787521
967,Estadio Municipal Paulo Machado de Carvalho,-23.54831335,-46.666003793483
22,Ta'Qali National Stadium,,
25,"Stade Chahid-Hamlaoui, Constantine",,
1097,"Ohene Djan Stadium, Accra",5.5515502,-0.1920408
1521,Stade Bollaert-Delelis,50.43281,2.81498783846154
2122,Stadium Miyagi SENDAI,,
1398,TOYAMA,36.6468015,137.2183531
803,Mayis ANKARA,39.9874714,32.8524231
1703,Fritz-Walter-Stadion,49.4345739,7.77662353517265
1591,Helsingor Stadion HELSINGOR,56.0460736,12.5984241
376,"Estadio Municipal Dr. Magalhaes Pessoa, Leira",,
1421,ISMAILIA,30.6043775,32.2770825
151,"Beijing National Stadium, Beijing",,
936,MACEIO,-9.6476842,-35.7339263
1593,"Groupama Arena, Budapest",47.47539525,19.0952448885702
2180,MEKNES,,
1988,"Ahmed Bin Ali, Al-Rayyan SC Stadium",,
1221,Estadio Jose Diaz LIMA,-12.06845755,-77.0229258328345
41,"Romeo Menti, Vicenza",45.5439926,11.5562197996668
606,Margitszigeti BUDAPEST,47.53022625,19.0501070265587
1720,ANEF BUCURESTI,,
1017,Grunewalder MUNCHEN,,
1564,Romano Jose Fouto,,
1039,"Complexe Sportif Moulay Abdallah, Rabat",,
2192,Boothferry Park,,
1238,El Teniente,2.6115778,-75.7715691
1349,AXA Stadium,41.56265475,-8.4297283074547
2143,"Estadio Cuauhtemoc, Puebla",,
287,"San Paolo, Naples",40.826295,14.1802054906107
1551,Kretinga,55.8900119,21.2424225
1795,HERAKLION CRETE,,
1568,"Swissporarena, Luzern",47.03289605,8.3051023363901
1233,"PPL Park, Chester, USA",39.8329094,-75.3784737708146
1493,Ewood Park,53.72861225,-2.48926708635566
11,"Peti Yuli, Algiers",,
1951,Park Main HIROSHIMA,,
563,Hohewarte WIEN,,
2088,Nishigaoka Stadium,,
1538,Akureyri,65.6825696,-18.0913026
922,SAN DIEGO,32.7174209,-117.1627713
1091,"Nyayo National Stadium, Nairobi",-1.30412085,36.8246666533315
269,"Defensores del Chaco, Asuncion",-25.0870695,-57.523595
1764,Panachaikis Stadium PATRAS,,
520,Stade de Pater PAPEETE,,
755,Giovanni Berta FLORENCE,,
2168,PHOENIX CALIFORNIA,,
1432,SIBENIK,43.7331716,15.9002171
908,Nya Ullevi Stadion,57.7059173,11.9888397382423
1813,Estadio Flores CIUDAD DE GUATEMALA,,
1642,"Stade Michal Volnay, Reunion, St Pierre",,
466,Perth,-31.952712,115.8604796
1787,Stadion ALEXANDROUPOLIS,,
490,Kudok PUSAN,,
813,"Stade Felix-Bollaert, Lens",50.43281,2.81498783846154
377,"Estádio Algarve, Faro/Loulé",37.0882205,-7.97469747961651
309,Estudiantes BUENOS AIRES,-34.6059163,-58.5562975147906
1555,VILJANDI,58.35627495,25.5850549297691
1473,Stadio Comunale,45.0417485,7.65001654877933
946,Estadio Serra Dourada,-16.6990486,-49.234107527598
993,Estadio Universitario,24.81016,-107.402902506166
899,"Red Bull Arena, New Jersey",40.73679005,-74.1502395102821
522,Ericsson Stadium AUCKLAND,,
541,Athletics Stadium,51.41920575,-0.0688216216854248
857,Estadio Modelo TACNA,,
1032,Renzo Barbera Stadium PALERMO,38.15274855,13.3421782095715
1702,"Ramat Gan, JERUSALEM",32.0724892,34.824244
181,"Estadio Olimpico Atahualpa, Quito",-0.1775603,-78.4765672
113,"Estadio Olimpico, Cordoba",,
581,Pallokentta HELSINKI,60.2474097,25.0216917172889
1469,Ulloi Ut,47.4413488,19.1826927
296,"Estadio Sanchez Pizjuan, Sevilla",37.3840246,-5.97065393372688
612,"Hungaria uti, Budapest",47.5020601,19.1053728841537
1611,PORI,61.4867236,21.7910016
1692,"Tianhe Stadium, Guangzhou",,
393,Aussie Stadium,-33.88905995,151.225387171003
951,Parque do Sabia,-20.7304438,-49.333263
280,Estadio Nacional de Lima,,
1769,Cashpoint Arena,,
2058,Adriatico,,
1727,PALMA de MALLORCA,,
447,BRISBANE,-27.4689681,153.0234991
2006,PITESTI,,
1565,Idrottsparken LANDSKRONA,,
743,Veritas Stadion TURKU,60.4427848,22.2916922603281
1745,"Stadion Nieuw Galgenwaard, Utrecht",,
2133,"Stadionul Marin Anastasovici, Giurgiu",,
2204,Al Nasr Stadium,,
623,Velodromo Sampione MILAN,,
687,HIROSHIMA,34.458065,132.451577
580,"Kadriorg, Tallinn",59.4367961,24.7844574
1827,"Candlestick Park, San Francisco",,
258,"Estadio de Puerto Sajonia, Asuncion",,
2119,Prince Faisal Bin. F. Stadium,,
842,Estadio Rio Parapiti PEDRO JUAN CABA,,
1597,LAHTI,60.9838761,25.6561814
1762,"Georgios Karaiskakis Stadium, Athens",,
49,"Nuevo Estadio de Malabo, Malabo",,
1651,Stade C.A.P. CHARRENTONNEAU,,
2070,The Valley,,
970,MADRID,40.4167047,-3.7035824
720,"Cristal Arena, Genk",51.0049166,5.53320975807565
983,"Estadio do Morumbi, Sao Paulo",,
1630,Antalya Arena,36.772875,31.4042485764056
729,"Stade De La Meinau, Strasbourg",48.5593975,7.7553837
1997,Al Qwaismeh King Abdullah,,
1607,MALAGA,36.721086,-4.4220023
1549,Valstybinis Stadionas,,
289,"Malvinas Argentinas, Mendoza",-31.3853169,-64.0562662
976,Dubai ABU DHABI,24.8926515,55.1639079450187
250,"Qualcomm Stadium, San Diego",32.7810139,-117.1196206
2160,Memorial LONG BEACH,,
1026,Workers PECS,,
1514,City Ground,52.9399502,-1.13285823074934
1833,Mapfre Stadium,,
172,MEXICO CITY,19.4326009,-99.1333415
854,Villa Belmiro,-23.9458461,-46.2913138
307,Hipica BUENOS AIRES,-34.4562074,-58.7448188508968
647,Ghencea,44.4151714,26.0463503
1582,WIESBADEN,50.0833,8.25
1118,TAIF,24.96122105,46.79577370136
147,Khalifa International Stadium,25.26362015,51.4481176870595
1766,"Bloomfield Stadium, Tel Aviv",,
237,Saitama Stadium,35.9030742,139.717605709319
911,"Stade De Gerland, Lyon",45.72377615,4.83225417085393
1418,"National Stadium, Bangkok",13.7465039,100.5290862
431,West Maitland Showground MAITLAND,-34.3716699,137.6775
2023,Zhalgiris,,
786,Nishikyogoku KYOTO,34.9924933,135.7183565
433,Sports Ground,52.03057935,-0.78616487872958
658,Slottskogsvallen GOTEBORG,,
716,Halsey Crawford Stadium,,
231,TOKYO,34.2255804,139.294774527387
196,"Olympiastadion, Munchen",48.173131,11.54656355
760,Pankritio,35.3368622,25.1061658591316
955,FORTALEZA,-3.7304511,-38.5217988
1763,Stadio Karaiskaki,,
1566,Jernvallen SANDVIKEN,60.6078414,16.7727734290851
1718,Kampfbahn Rote Erde,,
1526,Urheilupuisto TURKU,60.44267305,22.2632786637568
1283,Sudweststadion LUDWIGSHAFEN,49.472258,8.4395389
626,Benito Mussolini TURIN,,
155,MENDOZA,-32.8897293,-68.8442955
1070,Mihatpasa ISTANBUL,41.008634,28.9641142
1884,Fay utcai BUDAPEST,,
485,Sydney Cricket Ground SYDNEY,-33.89173625,151.224792859063
17,"Stade du 4 Aout, Ouagadougou",12.36872355,-1.55409832450156
1751,"Stade Chedly Zouiten, Tunis",,
2091,DAEJEON,,
277,Monumental LIMA,-12.0543954,-77.0469244815153
118,"Parque Central, Montevideo",-34.86844395,-56.1672456391795
1952,"Larkin Stadium, JOHOR BAHRU MALAYSIA",,
2062,"Stadio Luigi Ferraris, Genoa",,
336,Jose Antonio Anzoategui,9.429102,-64.464276
1454,Municipal Stadium Alexandria,,
2117,Ehime Sports Complex MATSUYAMA,,
28,ASSOUAN,24.091071,32.897306
1804,Vojvodina NOVI SAD,,
418,"Tuodong Stadium, Kunming",25.0379625,102.728675
1563,Edinburgh,55.9495628,-3.1914971
364,Kufstein Arena,47.4534527,11.9381186961792
554,"Pont d'Ougree Stadium, Ougree",,
1783,"Central, CRAIOVA",,
13,Sofia,42.6977211,23.3225964
590,DRESDEN,51.0493286,13.7381437
397,"Cricket Ground, MELBOURNE",-37.81990625,144.983220037201
709,"Westpac Stadium, Wellington",-41.27305265,174.785872795057
1586,"Ruhrstadion, Bochum",51.4901402,7.2394518
1663,"Stade Mohammed V, Rabat",34.0330985,-6.79719188519553
159,"El Campin, Bogota",4.6447651,-74.0787381
1448,TRIPOLI,32.896672,13.1777923
1995,"Zayed Sports City Stadium, Abu Dhabi",,
272,Nacional Santa Beatriz LIMA,-12.0619318,-77.0355662
1785,Stadion Messiniakos KALAMATA,,
408,"Exhibition, Newcastle, Australia",-32.9211487,151.73590655
886,Qwest Stadium,45.5321487,-122.669449968894
175,Olympia HALSINGBORG,56.05240585,12.7111396935463
14,"Stade Municipal, Bouake",7.68288835,-5.04473554192766
1825,Estadio Zoque VMR,,
1949,TAEJON,,
1103,DAKAR,14.693425,-17.4479379
529,Estadio Municipal de Marbella,36.5130598,-4.8791378
1458,"Stade General John Joseph Pershing, Paris",,
2137,Chernomorets,,
1427,Stade Municipal OUAGADOUGOU,12.3609045,-1.52940372821438
756,Hindenburg HANNOVER,52.3802299,9.7627041
201,LTU Arena,51.26162985,6.73315153648407
1558,Estadio Enzo Mazotti MONTECATINI,,
1399,MURCIA,37.9923795,-1.130543
2029,Stadio Adriatico,,
864,"Complexe Sportif Claude-Robillard, Montreal",,
479,Hwaseong Stadium,,
499,"De Kuip, Rotterdam",51.8938646,4.52322812996623
283,Old Trafford,53.46310955,-2.29138638505454
288,"Rose Bowl, Los Angeles",34.1613231,-118.167655462606
1854,Estadio Alejandro Morera Soto ALAJUELA,,
245,"Soldier Field, Chicago",41.86215935,-87.6166772295736
712,KUWAIT,29.2733964,47.4979476
55,"Estadio 3 de Marzo, Guadalajara",,
1466,"Olympiastadion, Munich",48.173131,11.54656355
1606,Prince Faisal ibn Fahd Stadium,,
2202,INCHEON,,
1853,"Estadio Chorotega de Nicoya, Nicoya",,
1190,El Camino TORRANCE,33.8102144,-118.3443999
890,MANAUS,-3.1319514,-59.9864061
38,"Nepstadion, Budapest",,
1851,King George V Park PORT OF SPAIN,,
1967,Youth Welfare JEDDAH,,
1648,GELSENKIRCHEN,51.5109791,7.0959263
2153,HUELVA,,
747,"Gentilly, Paris",48.8127,2.34371
1347,Idrettsparken,59.56363935,9.25987757836224
1329,"MSV-Arena, Duisburg",51.40911845,6.77860177806048
1956,Bingo Sports Complex ONOMICHI,,
2018,Municipal BEER SHEBA,,
971,"Balaidos, Vigo",42.20609615,-8.74189685708667
962,OPORTO,41.1494512,-8.6107883
302,Hillsborough,27.9184543,-82.3488056
1433,SHARJAH,25.22972105,55.7822507738703
330,SAN CRISTOBAL,-10.6341508,161.848234
123,Sportivo Barracas BUENOS AIRES,,
1791,"Stadion Pasienky, Bratislava",,
1961,"Olympic Stadium, TRIPOLI",,
2069,Estadio Regional ANTOFAGASTA,,
1889,CHRISTCHURCH,,
1781,AVEIRO,,
650,Belgrade,44.8178787,20.4568089
795,"Estadio San Mames, Bilbao",43.2641977,-2.94831495310074
919,SAO PAULO,-23.5506506,-46.6333823
1088,Poljud BEOGRAD,,
733,White Hart Lane,51.6031593,-0.0657912300223674
165,"Metropolitano Roberto Melendez, Barranquilla",,
1541,Arechi SALERNO,40.64553055,14.8243387818363
1223,"Estadio Centenario, Armenia",4.51580325,-75.6984496
1909,Loakes Park,,
1278,"Leo Lagrange, Nice",,
243,SAN JOSE California,37.3361905,-121.8905832
487,Singapore,1.2904527,103.852038
325,"Lenin, Moscow",56.1048641,35.9156105
1929,CHULA VISTA,,
1923,Fredriksskans KALMAR,,
1308,Zentral KYIV,,
1482,Sant'Elia,38.0967227,13.5395736
190,"Parc Des Princes, Paris",48.8413634,2.25306931623782
840,Liberador Simon Bolivar LA PAZ,,
279,"Estadio Nacional Jose Diaz, Lima",,
818,GOIANIA,-16.6808819,-49.253269
638,"Estadio das Antas, Porto",41.16172995,-8.58271406374885
2184,"Stade El Harti, Marrakesh",,
953,Alejandro Serrano Aguilar,-2.9066225,-79.0057942003429
140,Atilio Paiva Olivera,-30.9042287,-55.5379217
2067,NIIGATA,,
117,"Gimnasia, Buenos Aires",-34.56059135,-58.4238812578091
504,Logan Park DUNEDIN,-45.86535765,170.524012397805
1975,"Al Hassan, Erbed City",,
794,"Antona Malatinskeho, Trnava",48.3764037,17.5895909
1169,AUCKLAND,-36.8534664,174.7655514
544,Arena da Baixada,-25.44821905,-49.2769094775667
1425,"Stade Surulere, Lagos",6.4970427,3.36496680390755
559,"Ernst Happel Stadion, Wien",48.20718935,16.4209170656698
111,Estadio Mario Alberto Kempes,-31.36886135,-64.2461384202647
913,Arena do Gremio,-29.9739387,-51.1950607841051
1250,Latin Americana HAVANA,,
19,Sousse,35.828829,10.640525
978,Estadio Laranjeiras,41.20258585,-8.33290968774391
1871,EL PROGRESO,,
481,"Olympic Stadium, Phnom Penh",11.55839625,104.912173690972
1403,Hempstead,30.0974405,-96.0782917
2188,"Feethams Ground, Darlington",,
361,"Coface Arena, Mainz",,
609,Cricketter BECS,,
94,Capwell GUAYAQUIL,-2.20668715,-79.8938368
1560,Venus BUCURESTI,44.3938798,26.0480863
470,Madejski Stadium,51.42233465,-0.983123693539842
1481,"Leeds Road, Huddersfield",53.6551514,-1.7753291
26,"National, Cairo",14.4623213,121.0070813
660,MALMO,55.6052931,13.0001566
44,Ammana,31.9515694,35.9239625
734,"Crystal Palace, London",51.4178783,-0.073933
2097,"Merdeka, Kuala Lumpar",,
110,"BBVA Compass Stadium, Houston",29.7520265,-95.3523408469387
1096,Kumasi Baba Yara Stadium,6.68253175,-1.60507054749001
831,GUAYAQUIL,-2.1704142,-79.9050239842774
1528,Vantaa MYYRMAKI (Indoors),,
2101,Meiji Stadium TOKYO,,
1492,"Leamington Road, Blackburn",53.7529583,-2.5036554
163,Feliciano Caceres LUQUE,-25.2719001,-57.4929614925812
1970,"A Wahda, Abu Dhabi",,
90,Sport de Nunoa SANTIAGO,,
102,COCHABAMBA,-17.3935418,-66.1570138
1232,FULLERTON,33.8708215,-117.9294164
77,"7 April, Lusaka",,
2154,"OAKLAND, CALIFORNIA",,
877,MANUAS,,
777,Marcantonop Bentegodi VERONA,,
171,"Sausalito, Vina Del Mar",-33.0156465,-71.5379017
1815,Tropical Park Stadium,,
2011,Dan Paltinisanu,,
295,Chamartin MADRID,40.4607638,-3.67753395826461
856,J.Bermudez ORURO,,
2002,Vingis Vilnius,,
180,Olimpico GUAYAQUIL,-2.1833843,-79.9795834
1725,Kolonia KOLN,,
2089,OKAYAMA,,
1409,Legion Field,33.5114854,-86.8428268497432
1335,REYKJAVIK,64.145981,-21.9422366
1108,OITA,33.1819875,131.4270217
1510,"Newcastle Road, Sunderland",54.9155856,-1.3825665
639,Municipal WIEN,48.1058194,16.4360265
1754,Shamsil SEOUL,,
604,"Red Bull Arena, Salzburg",47.81640615,12.9982488279151
1175,"El Sardinero, Santander",43.47625575,-3.79326307895982
371,"Stade Jules-Ladoumègue, Vitrolles",43.457826,5.24370015071668
132,"Niedersachsenstadion, Hannover",52.36002595,9.73101605005314
974,"Ataturk Olimpiyat Stadium, Istanbul",41.0744732,28.7656610517417
1434,"Stade Municipal, BOBO DIOULASSO",11.1822004,-4.2970731
1328,Municipal QUERETARO,20.5914093,-100.3949258
1491,"2nd Hampden Park, Glasgow",,
528,Thomond Park,52.6742241,-8.64281367917604
1802,NK ZADAR,,
1507,"Alexandra Meadows, Blackburn",,
1104,"Stade de l'Amitie, Dakar",,
2182,Rabat,34.0224046,-6.8345426
1759,National Stadion KAVALA,,
1976,IRBID,,
225,"Letzigrund, Zurich",47.3812255,8.5036883
314,Parque Pereira MONTEVIDEO,,
1370,Sun Devil PHOENIX ARIZONA,33.4525492,-112.075526690969
1838,National KINGSTON,,
807,Campo Nuevo LEON,27.4918338,-109.9447383
1987,King Hussein Sport Complex AMMAN,,
1299,Municipale TRIESTE,44.2775692,11.5892212
391,Albena,43.3677592,28.0771827
1895,Gyori Dozsa GYOR,,
57,"RDS Arena, Dublin",53.32563945,-6.22944201112375
1926,Stadionu City IZMIR,,
312,Cancha de Racing Avellaneda,,
1386,GIFU,35.7867449,137.0460777
878,Goodison Park,53.4387191,-2.96645389390874
372,"Philips Stadium, Eindhoven",51.44172105,5.46618920991235
759,PATRAS,38.2462033,21.7352492
1758,"Olimpijski, Sarajevo",,
674,"Dynamo, Tblisi",,
1300,CFR BUCURESTI,44.4865733,26.114361
253,"Olympic, Amsterdam",52.34352,4.85296856495528
2047,Parc CHAUX DU FONDS,,
1502,Dnipro Arena,48.46035105,35.0324434444544
1449,Abdel Nasser Stadium,33.88131785,35.5138858
1464,"Stadtisches, Nurnberg",,
1304,"Stade de la Maladière, Neuchatel",46.9952312,6.94432196022227
1578,Strasbourg,48.584614,7.7507127
445,Kings Park Stadium,-29.8248139,31.0296651232557
798,ELCHE,38.2653181,-0.6988487
1556,VALGA,57.77993855,26.0628288563998
1164,"Exhibition Stadium, Toronto",,
1569,"Millerntor Stadium, Hamburg",,
1794,Wals-Siezenheim Stadion,,
409,Hobart Park,43.7887328,-79.347348
1624,Stramvallen,,
869,"Cachamay, Puerto Ordaz",8.31581,-62.7164764
384,LEON,30.4683062,-84.2549067
1051,Municipal RUSSE,43.8479485,25.963083074686
1142,TALLINN,59.4372155,24.7453688
910,CUIABA,-15.5986685,-56.09913
1887,G irenas Stadion KAUNAS,,
126,Olimpico MEXICO CITY,19.3319241,-99.192182242695
32,"Estadio Nacional de Ombaka, Benguela",-12.54270325,13.4600002
424,Sports Stadium SYDNEY,-33.7229362,151.088062661241
1296,"Cavee Verte, Le Havre",49.5023356,0.1041198
390,FULLERTON CALIFORNIA,33.8708215,-117.9294164
1073,Beroe Stara Zagora,42.43279445,25.6152731416533
565,Gerhard Hanappi WIEN,,
1652,"Stade Jules Deschaseaux, Le Havre",49.50173575,0.171177278295952
1990,"Shah Alam Stadium, Shah Alam",,
1688,"White City, London",51.5116999,-0.22450191804504
378,Farul CONSTANTA,44.1973595,28.6391558465387
1324,HANNOVER,52.3744779,9.7385532
1373,Dinamo MOSKVA,55.7896301,37.5581975
2055,REGIO CALABRIA,,
535,"Easter Road, Edinburgh",55.9618145,-3.1652428512334
304,Stadium KOLN,50.9419107,6.63649605
796,"Estadio Olimpico de Montjuic, Barcelona",,
1711,World Cup Stadium SEOUL,,
1841,P Magloire PORT AU PRINCE,,
843,MADRAS,13.0796914,80.2829533
1511,"Queens Club, London",51.48754335,-0.211540452859475
2034,"Stadio Oreste Granillo, Reggio Calabria",,
1849,"Shaanxi Province Jiaodaruisen Stadium, Xi'an",,
891,Estadio Reo Pele,,
790,"23 August, Bucuresti",44.42717195,26.206882415426
1224,Monumental de Ate 'U',,
969,"FNB Stadium, Johannesburg",-26.2347712,27.9826450924133
1789,"Stadion Partizan, Belgrade",,
630,Woerthersee Stadion,46.6089701,14.2791265649773
1325,BRESLAU,51.1089776,17.0326689
189,Dome SAPPORO,43.01516255,141.409692493912
2064,San Sero MILAN,,
1601,MESSINA,38.1937571,15.5542082
2146,Stade Parapiti PEDRO JUAN CABALLERO,,
1424,PESCARA,42.4645837,14.2138702
1235,BARINAS,8.6375159,-70.2304977
1941,Metropolitan Stadium TOKYO,,
1472,Stadio Nazionale del Partido Nazionale Fascista,,
1013,LEIPZIG,51.3391827,12.3810549
1953,CHONGQING,,
491,POHANG,36.0189315,129.3429384
669,"Besiktas Inonu Stadyumu, Istanbul",,
2077,Georgia Dome,,
1826,Flor Blanca SANTA ANA,,
453,Manuka Oval CANBERRA,-35.3181114,149.1345894325
398,Munsu Stadium,35.53526295,129.259494850927
1227,NEIVA,3.0332673,-75.2794422959783
285,"Lansdowne Road, Dublin",53.334398,-6.2256164
30,Cairo,30.0488185,31.2436663
199,"Olimpico, Roma",41.93395205,12.4547230745272
1414,LOJA,37.1661118,-4.1491592
1501,Goteborg,57.7072326,11.9670171
1090,"Ricardo Saprissa Ayma, San Jose",9.9654978,-84.0756194358291
762,"Bombonera, Estadio Nemesio Diez, Toluca",,
2090,MASAN,,
895,Arena da Amazonia,-3.0832188,-60.0274863773249
663,"Neufeld Stadion, Bern",46.96092055,7.43131681458838
92,"Estadio Nacional Julio Martínez Prádanos, Santiago De Chile",,
2173,"Stadion Brühl, Grenchen",,
735,County Ground,52.9428728,-1.13748739820195
306,Paso del Molino,-34.3037804,-57.3485896
1130,"Stade Olympique de Montreal, Montreal",45.55779835,-73.5516457051664
1302,FUS RABAT,34.0097499,-6.84042451296835
704,"Kim Il Sung, Pyongyang",39.03204635,125.75284175
1935,National Stadium Bukit Jalil,,
750,"Buffalo, Paris",38.2179206,-84.2711465
78,"Free State Stadium, Bloemfontein",-29.117235,26.2087695670054
1445,BARCELONA,41.3825596,2.1771353
1917,DHAHRAN,,
1974,Maharadja COCHIN INDIA,,
599,"Karaiskaki, Piraeus",37.947945,23.6696849
1063,"Herti Allmend Stadion, Zug",,
573,Bundesstadion GRAZ,47.0463935,15.4539962217356
1295,Bentegodi VERONA,45.4353462,10.9685724092286
874,Estadio Mansiche TRUJILLO,-8.106132,-79.0307225355323
1792,Kaztantzio SALONIKA,,
1406,FORT WORTH,32.753177,-97.3327458
556,"Edmond Machtens Stadium, Brussels",50.8550829,4.31065920803472
1983,DUSHANBE,,
71,BURSA,40.1827061,29.0667635
2063,M.Rigamonti BRESCIA,,
232,King Fahd II RIYADH,24.7409696,46.6649494
2072,Cape Town,,
1446,SALERNO,40.6801561,14.7596754
158,"Estadio Felix Capriles, Cochabamba",-17.37931935,-66.161702820685
1619,Jose Antonio LA LINEA,,
1626,Varendsvallen,56.88123735,14.7720668056111
182,Estadio Isidro Romero Carbo GUAYAQUIL,,
2004,Belfast,,
2022,Daejeon World Cup Stadium,,
2206,DAMASCUS,,
685,MANAMA BAHRAIN,26.2235041,50.5822436
1707,Partenio AVELLINO,40.9270349,14.7926748720621
892,"Estadio Castelao, Fortaleza",-3.80723075,-38.5224871482606
881,Joao Havelange,-22.5522177,-44.0126254
1628,Tipshallen JONKOPING,,
259,ASUNCION,-25.2959915,-57.6311195
1150,"King George V Stadium, St Johns",,
215,"Ferenc Puskás Stadium, Budapest",,
210,El Coloso de Ruca Quimey,,
1579,Illgen-Kampfbahn DRESDEN,,
313,Parque Belvedere MONTEVIDEO,-34.8728818,-56.2144897149784
331,"Pueblo Nuevo, San Cristobal",8.5042579,-75.4817765
369,"San Paolo, Napoli",40.826295,14.1802054906107
34,El Molinon GIJON,43.5341938,-5.6359468
515,Caledonian DUNEDIN,-45.8632954,170.526972134991
1999,FRECHEN,,
608,Millenaris BUDAPEST,47.51145825,19.0248402925637
574,"Odense Stadion, Odense",,
1364,"Estadio do Bessa Saculo XXI, Porto",,
866,Estadio Puebla Nuevo,,
195,Villa Park,52.5091264,-1.8850353312213
399,Park SYDNEY,-33.8795016,150.8280506
234,SAITAMA,36.0183923,139.281463787943
1268,MARABELLA,10.3073477,-61.4518648
426,Loftus Road,51.5084077,-0.2304647
1636,"Razdan Stadion, Yerevan",,
672,Ryavallen BORAS,57.7357223,12.93493155
542,Durban,-29.8618249,31.009909
1075,"Recep Tayyip Erdogan, Istanbul",41.0328404,28.972441963012
1765,Stadion Municipal KHALKIS,,
988,New Meadowlands,22.4293177,113.997859835295
438,Stadium of Light,54.9144631,-1.38819343262025
160,CONCEPCION,-36.8270742,-73.0502464
727,"Stade Vélodrome de Rocourt, Liege",,
1662,"Stade Pierre-Mauroy, Villeneuve D'Ascq",50.61204445,3.13044686168557
752,"Municipal, Luxembourg",49.61132555,6.1301799482249
828,"Atanasio Girardot, Medellin",6.2567716,-75.59016935
1109,Oita Stadium,33.2007159,131.657492003628
1500,Chamartin,40.7018688,-4.9570084
1996,"Al Nahyan Stadium, Abu Dhabi",,
1812,Home Depot Centre,,
2094,Nishi-Kyogoku Stadium KYOTO,,
1899,SZOLNOK,,
2172,ARNHEM,,
461,"Azadi Stadium, Tehran",35.7244962,51.2755487215759
1943,Amjadiah Stadium,,
308,Sportiva BUENOS AIRES,-38.69230625,-62.2730880850317
1346,Estadio Magalhaes Pessoa,-7.1671498,-34.8733977681947
1249,WILLEMSTAD,12.1091242,-68.9316545
1509,"Victoria Ground, Stoke on Trent",52.9995123,-2.18201068550736
6,"Estadio Mineirao, Belo Horizonte",-19.9781614,-44.0228547241855
1867,Jaques Lemans Arena,,
1939,King Abdullah International Stadium,,
1439,El-Iskandariya ALEXANDRIA,,
1133,"BMO Field, Toronto",43.6332395,-79.4186927434407
2185,TETUAN,,
1055,Spartak TRNAVA,,
1462,"Donbass Arena, Donetsk",48.02110375,37.8101273539976
1690,Dinamo ZAGREB,45.81870175,16.0179725861149
552,CARACAS,10.506098,-66.9146016
1741,"Olympic, SOUSSE",,
894,Estadio Monumental David Arellano,-33.5066135,-70.6059769709317
1259,"Catherine Hall, Montego Bay",18.46185505,-77.9221064019287
1209,"Revolucion, Guatemala City",,
1861,Duncanville Stadium,,
518,Australia Park,-36.08906885,146.908291930597
627,"Luigi Ferraris, Genoa",44.41640915,8.95341272266895
2008,PETAH TIKVA,,
469,"Fritz-Walter-Stadion, Kaiserslautern",49.4345739,7.77662353517265
340,"Millennium Stadium, Cardiff",51.47827835,-3.18268000725955
1886,FUKUOKA,,
845,SAN FRANCISCO,37.7792808,-122.4192362
941,BELEM,31.710799,35.1988002
1116,COCHIN,9.9633864,76.2536614
643,"ONEF Stadion, Bucurest",,
1778,Municipal PORTALEGRE,,
1753,Stadium 7 November - Rades,,
849,Estadio Vasco da Gama,-22.91209185,-43.2311453059056
240,"Universitaria, Mexico City",19.3337382,-99.1971316
991,Estadio Joao Castelo,-4.86065055,-43.356959415881
1094,Arab Contractors Stadium CAIRO,30.05111125,31.2970454159726
425,"Parramatta Stadium, SYDNEY",-33.80810675,150.998999016326
2051,Giorgio Ascarelli NAPLES,,
1697,"Neues Volksparkstadion, Hamburg",,
1149,"Centennial Stadium, Victoria BC",,
1376,"Bezigrad, Ljubljana",46.0715227,14.509137
359,"Allianz Riviera, Nice",43.705185,7.193492898725
1524,Tiigiveski TALLINN,59.4279184,24.7592721017464
634,"de Kuip Feyenoord, Rotterdam",,
617,Lehner SALZBURG,47.7984628,13.0241132
1978,"Changsha Helong Sports Center, Changsha",,
226,"Sant'Elia, Cagliari",39.1951647,9.1379886
614,Ferencvaros,47.4650699,19.0967523059594
9,Estadio Jalisco,20.70508575,-103.32818115894
1595,LA MANGA,45.0714485,25.275710892296
1005,"Bulgarska Armia, Sofia",42.7113347,23.3462553
1173,Easter Road,55.9618145,-3.1652428512334
488,Suwon World Cup Stadium,37.2862528,127.036784787775
1819,Herndon Satdium,,
56,MUSCAT OMAN,23.5997857,58.5451305
601,Athens,39.3292396,-82.1012554
1486,Hamilton Crescent,34.181198,-85.3176099
1416,P.Yesov SAMOKOV,,
1419,EL MAHALLA,39.74568945,64.4151143344748
1008,"Zamalek, Cairo",30.0649721,31.2195945
773,"Artemio Franchi, Firenze",43.7808507,11.2828534966737
297,"Estadio La Condomina, Murcia",37.70028885,-1.5933991016253
909,"Stadium, Shizuoka",34.7435131,137.970728238944
675,Respublikanski KYIV,,
1863,COLON,,
920,Helio Prates Silveira,,
366,YEREVAN,40.1776121,44.5125849
36,"28 Mars Stadium, Benghazi",,
1191,"Canada Games Stadium, St Johns",,
1068,Ankara 19 Mayis Stadyumu,,
1040,HEERENVEEN,52.9567361,5.93326787512682
1531,Tamme Staadion,58.3665345,26.7137059131868
665,"Stade Olympique de la Pontaise, Lausanne",46.5332284,6.62431665456885
137,Delle Alpi,-27.6080737,-48.5192808302319
188,"Stade Geoffroy-Guichard, Saint-Etienne",45.4607403,4.39019065
1562,"Rugby Park, Kilmarnock",55.60410265,-4.5093773377759
1881,Ferenc Szuzsa Stadium,,
1236,Nacional CARACAS,14.6724306,121.096354
58,"Stade de Genève, Genève",46.1778798,6.12741166154975
363,Bieberer Berg Stadion,50.09466755,8.79864104508734
357,Finnair Stadion,60.1870012,24.9272509317509
1443,Johannesburg,-26.2049999,28.049722
2084,Meiji Jingu TOKYO,,
1377,Municipal SEOUL,37.5422877,127.0944166
2135,SALAMANCA,,
1814,FORT LAUDERDALE,,
238,SEOUL,37.5666791,126.9782914
405,"Newcastle, Australia",-32.927288,151.7812534
388,LVOV,49.841952,24.0315921
1253,Stade Capois CHAITIEN,,
1487,"Kennington Oval, London",51.4827988,-0.1138287
717,UAE,49.4871968,31.2718321
1879,TIANJIN,,
767,"Comunale, Bologna",44.4938859,11.3423559
1790,Pod Dubnom ZILINA,,
1222,Palogrande MANIZALES,5.0542808,-75.4877629
2140,"Estadio Corona, Torreon",,
1668,"Galgenwaard, Utrecht",52.07835595,5.14706367744863
1908,BANJA LUKA,,
8,"Stade du 5 Juillet 1962, Algiers",36.75951425,2.99541222072309
804,"Sukru Saracoglu, Istanbul",40.9876671,29.0366076354803
1072,Ismet Inonu ISTANBUL,41.0850301,29.0064133
1647,"Meinau, Strasbourg",48.5529322,7.7523082
1525,Kalev TALLINN,59.409339,24.7357579
1496,"SK Slovan, Bratislava",48.1597278,17.135491
1799,Kautatzogl',,
1471,City of Manchester Stadium,53.48315825,-2.20053414773414
217,"Bloomfield Stadium, Jaffa",32.051741,34.7615503
341,San Martin MAR DEL PLATA,-37.997639,-57.548265
1313,Marcus Alle KOBENHAVN,,
1293,Vittoria BARI,41.0039867,16.8675806
271,Estadio Municipal de Concepcion,,
820,Estadio Joao Havelange,-22.8931798,-43.2933407142192
82,"Estadio Monumental Antonio Vespuci, Buenos Aires",,
455,"Government Stadium, Hong Kong",,
1263,De los Deportes MEXICO CITY,,
1230,PISCATAWAY NEW JERSEY,40.5462553,-74.4660407
1816,SANTA ANA,,
540,"Kensington Oval, Adelaide",-34.9219895,138.652884186104
903,"Estadio da Ressacada, Florianopolis",-27.66628635,-48.5317362349615
1685,RADES,36.77683875,10.2787608746893
981,Estadio Metropolitano Roberto Santos,,
337,"Gillette Stadium, Foxborough",42.0912526,-71.2644645105907
730,"Jan-Breydel Stadium, Bruges",51.1933461,3.18058529424062
1912,Paris,,
1869,Stade Riviere-Pilote FORT DE FRANCE,,
1079,Surjah SURJAH,,
2164,HOUSTON TEXAS,,
368,National Stadium TEL AVIV,,
251,SALTA,-24.7893822,-65.4101932
80,"Football Stadium, Sydney",-33.88905995,151.225387171003
1710,YOKOHAMA,35.444991,139.636768
374,"East L.A. College Stadium, Los Angeles",,
959,Gover. Joao Castelo,,
1192,GREENSBORO N CAROLINA,36.0726355,-79.7919753
1243,HOROVICE,49.8363185,13.9028849
1622,Djurgardens HELSINKI,,
441,"Volkspark, Hamburg",53.5856036,9.90492158050276
495,Seoul World Cup Stadium,37.56716,126.89493
1681,Nervion SEVILLE,37.38178325,-5.96495631792131
1542,Stadio Alberto Braglia,44.6534071,10.9239314256803
2113,YANGSTAN,,
1,"Nou Camp, Barcelona",41.3809333,2.12291205923077
1339,"Arena Garibaldi, Pisa",43.7252807,10.4001267526326
659,"Nya Ullevi, Goteborg",57.7059173,11.9888397382423
1577,Home Park,50.38812155,-4.15087521325805
1280,"Jose Zorrilla, Valladolid",41.6445821,-4.76126994274625
1442,DAMMAN,63.1559232,13.9801274
448,"Panathinaikos Stadium, Athens",,
530,DAMMAM,26.4367824,50.1039991
1354,Trnava,49.2546831,15.9241436
1025,Standjata KYUSTANDIL,,
816,"Estadio Ramon Tahuichi Aguilera, Santa Cruz",-17.79602875,-63.1838530478163
1322,Munhak Stadium INCHEON,37.4369266,126.69338122686
1002,"Narodna Armija, Sofia",,
2174,EL JADIDA,,
848,Dicks Sporting Goods Park,39.8058689,-104.891910809685
326,"Central, Kyiv",50.5223783,30.2479085
1696,Piraeus,37.9440078,23.6483599
127,"Maracana, Rio de Janeiro",-22.91209185,-43.2311453059056
291,Adelaide,-34.9274283,138.599899
2021,Boleyn Ground,,
437,Upton Park,51.5318605,0.0392533375401994
2178,"Stade Père-Jégo, Casablanca",,
1135,"Estadio Pedro Marrero, La Habana",23.1073616,-82.4128517
1078,DUBAI,25.2683521,55.2961962
79,CHILILABOMBWE Stadium,,
998,Dilzon Melo,-21.56998865,-45.4142817323865
1245,AZOGUES,-2.7388422,-78.8481216
350,"Telia Parken, Copenhagen",55.7027422,12.5723199387321
2115,"1 Mai, Constanta",,
2074,"Stade de Rivière des Pères, Basse Terre",,
527,Wollongabba BRISBANE,,
2093,"Ajinomoto Stadium, Tokyo",,
1828,NEW BRITAIN,,
558,"Constant Vanden Stock, Anderlecht",50.83406375,4.29788685049252
230,Estadio Jose Maria Minella,,
1736,Olympic Stadium Asim Ferhatovic Hase,,
120,de Vina VALPARAISO,-32.4244407,-70.9135737
1435,Della Favorita PALERMO,38.1520159,13.3452699204306
1129,Nacional SAN JOSE,14.6402658,120.9945595
758,Gyunas Syllogos Zenon,,
785,Rotterdam,51.92779805,4.48862326925829
683,Gradski BANJA LUKA,44.7759561,17.1994742537887
2044,Stadio Franchi Arena Montepaschi,,
459,TEHRAN,35.7006177,51.401375
404,SYDNEY,-33.8679573,151.210047
1459,"Stade Olympique, Colombes, Paris",,
2104,Sports Complex NAGASAKI,,
72,"Stade Ferdi Petit, Le Touquet-Paris",,
406,"Commonwealth Stadium, Edmonton",53.55967855,-113.47739323608
631,Marijampole Stadium,54.539554,23.3490295979931
834,Lockhart Stadium,26.19309645,-80.1610106113452
1067,Taksim ISTANBUL,50.6255423,3.0502436
1655,"Municipal, Toulouse",43.58331005,1.43404732412881
1380,Ambato,-1.29038815,-78.7353230113364
1910,"Slough, Slough",,
1683,"Spitalacker, Bern",46.956252,7.45437645072135
1731,FREIBURG,,
434,"Cricket Ground, Sydney",-33.89173625,151.224792859063
751,"Saupin, Nantes",47.184861,-1.4763031
1585,Keskusurheilu LAHTI,,
1571,National KYIV,50.38413975,30.4740924622343
83,Quilmes Stadium BUENOS AIRES,,
1180,NEWARK,40.735657,-74.1723666
1772,ZADAR,,
1557,Klaipeda National Stadium,55.7192076,21.1161468353689
178,"Estadio del Ciudad, Buenos Aires",,
379,"GS Pancypria Stadium, Nicosia",,
707,GWANGJU,35.1491083,126.8634645
37,"Stade Birouana, Tlemcen",34.8772936,-1.30110640983792
1400,Estadio Alejandro Serrano Aguilar,-2.9066225,-79.0057942003429
46,Abidjan,5.4091179,-4.0422098
362,"Apostolos Nikolaidis, Athens",37.9871916,23.7542114
1046,"Qemal Stafa, Tirana",41.3193617,19.8191752
724,"Lansdowne Park, Ottawa",45.39932045,-75.6834488093764
1437,Hapoel JERUSALEM,31.7526292,35.1895415
1989,"Sahim bin Hamad, Qatar SC Stadium",,
1600,PALERMO,38.11127,13.3534422
84,"Frankenstadion, Nurnberg",49.42920395,11.1290495583246
681,"Kosovo Stadium, SARAJEVO",,
1205,Arena Pantanal,-15.6040648,-56.1216449049125
365,PAPHOS,34.7755334,32.422008
1822,SAN DIEGO/ANAHEIM,,
992,"Olimpico Do Para ""Mangueirao"", Belem",-1.38115345,-48.4448359652915
104,Serra Dourada,-12.7584179,-43.9500906
1661,"Stadio Ennio Tardini, Parma",44.7949283,10.3383873482639
830,QUITO,-0.220164,-78.5123273
1363,"Idrottsparken, Norrkoping",58.5843928,16.1720578353544
1036,Toyota Stadium - Toyota,-34.03847125,151.140760619346
603,GRAZ,47.0702563,15.4385716
255,"Stade de Suisse, Berne",46.96319025,7.46490619417173
1637,Municipal KOKKOLA,,
1927,"ST LOUIS, U.S.A.",,
2128,"Olimpijski, SARAJEVO",,
320,Stanford PALO ALTO,37.4383017,-122.1561813
1457,Pallokentta,65.07340955,25.3977882074994
162,BARRANQUILLA,11.01184845,-74.8086459830206
74,Loftus Versfeld,-25.75316815,28.2222403632587
1784,YANNINA,,
1401,BREDA,51.5644477,4.75122967848989
653,Metropolitano MADRID,40.4465433,-3.7192502
1575,Estadio Morera Soto SAN JOSE,,
206,"Foxboro, Boston",42.0904497,-71.2686885692455
2118,International Stadium SAIDA,,
841,ORURO,-17.9697732,-67.1147199
358,Villeneuve D'Ascq,50.6271588,3.1506621
1098,Complexo da Sr. da Graca,,
806,Arena Fonte Nova,-12.9788902,-38.5038045
107,Atletico River Plate,-34.5450867,-58.4484226209876
593,Ascarelli NAPLES,40.83990585,14.2326565336089
2149,Coloseum ES,,
1101,DOUALA,4.0537386,9.6644365792336
1757,"Spiros Louis, Athens",,
2030,San Nicola BARI,,
1644,"Les Bruyeres, Rouen",49.4115569,1.07188394133978
235,OSAKA,34.704365,135.501887
496,Al Gharrafa Stadium,25.3446984,51.44045485
1396,Estadio Reales Tamarindos PORTOVIEJ,,
1533,"Richard-Lindemann Sportpark, Stettin",,
1332,Tiburcio Carias Andino Stadium,,
655,"Estadio La Romareda, Zaragoza",41.63648875,-0.901822481330636
1770,VILNIUS,,
1277,KUUSANKOSKI,60.9063217,26.62547
1713,KLEVE,,
2085,"Rizal Memorial Stadium, Manila",,
1412,"Toyota Stadium, Frisco",33.1544153,-96.8351796226549
698,BANGKOK,13.7538929,100.8160803
1148,"Sylvio Cator, Port au Prince",18.5361485,-72.3425033561172
197,"Berliner Olympiastadion, Berlin",,
154,Cotton Bowl,32.77961185,-96.7596024290281
2007,FC Bihor ORADEA,,
292,CANBERRA,-35.2819366,149.128894
916,"Mercedes-Benz Arena, Stuttgart",48.7922355,9.23207857743794
1982,"Sultan Qaboos Sports Complex, Muscat",,
1786,Cotroceni BUCURESTI,,
566,Hypo Arena,,
203,Green Point Stadium,-33.90510205,18.4080356027628
222,"Stadio Comunale, Turin",45.0417485,7.65001654877933
744,"Jules Otten Stadium, Ghent",,
629,"Stade Du Ray, Nice",43.72333805,7.25873786929166
602,KALAMATA,-7.7705024,28.2353525
360,DORTMUND,51.5142273,7.4652789
897,Universidad de San Agustin,10.4257708,-75.5498925133335
435,St Andrews,56.3403902,-2.7955843
1782,SK Jugoslavija BEOGRAD,,
1627,LAHTI (Indoors),,
741,"Regenbogstadion, Waregem",,
1635,Hietalahdesa VAASA,,
1590,DEBRECEN,47.531399,21.6259782
645,Steaua BUCURESTI,44.4715527,26.1311131
1093,Stade Mustapha Ben Jannet,,
396,"Stade Maurice Dufrasne, Liege",50.60987525,5.54351309322794
855,Belfort Duarte,-23.6544906,-46.6561772
1307,Cernomorec ODESSA,,
2162,Invesco Field,,
562,Mundial 78 MAR DEL PLATA,,
1570,Sukru Saracoglu ISTANBUL,40.9876671,29.0366076354803
1172,"Cal State University, Fullerton",,
1241,Alejandro Morera Soto,10.02207735,-84.2091857835505
119,"Estadio Laranjeiras, Rio de Janeiro",-22.91209185,-43.2311453059056
1099,YAOUNDE,3.8689867,11.5213344
738,"Olympisch Stadion, Antwerp",51.18507545,4.38202458797638
868,Estadio Brigido Iriarte CARACUS,,
1214,Rommel Fernandez,9.0358262,-79.4694872696696
2109,"Arke Stadion, Enschede",,
570,Jana Svermy BRNO,,
827,MEDELLIN,6.2443382,-75.5735529
1594,Olympic Stadium,51.53865205,-0.0165021873020624
1994,King Fahd Stadium TAIF,,
749,"Victor Boucquey, Lille",,
1185,The Baseball Stadium BALTIMORE,,
1357,Carranza CADIZ,19.399132,-99.1416305
1645,"Grunewald, Berlin",52.48357,13.2369584
1589,Robertson Stadium HOUSTON TEXAS,,
1114,Complexo Desportivo da Covilha,,
136,"Olympic Park, Melbourne",-37.7369764,145.034527635828
1716,Weserstadion BREMEN,,
1872,Safeco Field SEATTLE,,
1665,"Dariaus ir Gireno Stadionas, Kaunas",54.8974269,23.9372743346306
1301,"Republicii, Bucuresti",44.43873735,26.1067675460517
1330,"Arena Lviv, Lviv",,
817,Sausalito VINA DEL MAR,-33.0156465,-71.5379017
763,Blumfield JAFFA,,
1334,Melavollur REYKJAVIK,,
635,De Baandert SITTARD,51.00477,5.87165
1155,"Laugardalsvollur, Reykjavik",64.14360275,-21.8789321751693
2108,Stadium HANNOVER,,
1071,"Ataturk, Izmir",38.1643028,27.6694833
394,Stadium Australia,-33.8471081,151.063384844694
1830,Pizza Hut Park,,
223,"Neckarstadion, Stuttgart",48.7922355,9.23207857743794
99,"Estadio Centenario, Montevideo",-34.8945271,-56.1526985597719
987,"Anaheim, LOS ANGELES",33.7790465,-118.2795059
1756,Messiniakou KALAMATA,,
2197,The Hague,,
1689,Busan Asiad Stadium,35.19008075,129.0583569978
233,"Stade Le Municipal, Toulouse",43.6695649,1.46017149479829
1083,Naftex Stadium,43.55434565,27.8257652586272
1475,Turin,45.0709201,7.685972
1915,De Adelaarshorst DEVENTER,,
780,Sparta ROTTERDAM,51.9189762,4.4346094
1128,"Varsity Stadium, Toronto",43.6669604,-79.3971116272901
2082,Wallace Field MANILA,,
1417,STANKE DIMITROV,,
651,BRATISLAVA,48.1359085,17.1597440625
387,KYIV,50.4501071,30.5240501
835,"Estadio Cuscatlán, San Salvador",13.6811583,-89.2223036250077
169,Estadio Brigadier General Estanislao Lopez,-31.2504694,-61.4815393231684
1107,"Stade Ahmadou Ahidjo, Yaounde",3.8854842,11.5405699
1583,LUBECK,53.866444,10.684738
972,Pontiac Silverdome,42.6457913,-83.2547572529029
1353,"FK Partizan, Belgrade",,
1613,"Estadio Algarve, Faro",37.02829265,-7.91671274502349
349,"Parken Stadion, Copenhagen",55.7027422,12.5723199387321
1202,Estadio Olimpico Morazan SAN PEDRO SULA,,
1984,Saud Bin Abdul-Rahman DOHA,,
960,Machaya LOURENCO MARQUES,,
792,"Wagner & Partners Stadion, Sittard",,
838,"Francisco Morazan, San Pedro Sula",,
2116,Areni SUCEAVA,,
1450,Amman,31.9515694,35.9239625
1361,Bislet OSLO,59.9255533,10.7318943
624,Nazionale ROME,41.4467473,12.6283909
498,KAUGNUNG SOUTH KOREA,,
1226,"Mini Estadi, Barcelona",41.37987085,2.11814222386364
334,SAN JUAN,18.38423905,-66.0534398736473
1219,Estadio Nemeso Camacho,,
870,SUCRE,-19.0478619,-65.2596022
93,"San Lorenzo, Buenos Aires",1.1750143,-78.9027861
1208,Nacional PANAMA CITY,8.99118925,-79.532929562479
1291,Motovelodromo TURIN,45.0685356,7.7166226
318,Estadio Malvinas,-27.4989816,-55.852157
439,"Universiade Memorial Stadium, Kobe",,
1573,LLANELLI,51.6797331,-4.1620222
1019,Faliron ATHENS,,
1742,Boet Erasmus,,
875,Estadio Polideportivo de Pueblo Nuevo,7.78707985,-72.1978862060783
668,Istanbul,41.0096334,28.9651646
1664,Sports Complex DAEGU,,
1181,"Alexandra Park, Montreal",45.5322975,-73.6200865
1928,COSTA MESA CALIFORNIA,,
1818,CARSON CALIFORNIA USA,,
52,"Grand Stade Adrar Agadir, Agadir",,
2025,TRIESTE,,
808,"Ninian Park, Cardiff",51.47486455,-3.20007514795046
1797,Besikas Stadium ISTANBUL,,
1197,PANAMA CITY,30.1600827,-85.6545728
1318,HELSINKI,60.1674086,24.9425683
2026,CASERTA,,
1189,PORTLAND,45.5202471,-122.6741948
1000,Corporation St CALCUTTA,,
2203,Royal Oman Police MUSCAT,,
1242,Jeld-Wen Field,,
1942,ERNAKULAM INDIA,,
740,"Renato Dall'Ara, Bologna",44.492362,11.3099902706856
380,"Stadion Crvena Zvezda, Belgrade",44.78322025,20.4646750508839
789,Regele Carole BUCURESTI,,
1056,STARA ZAGORA,42.4247421,25.6257235
1215,Puerta Sajonia,51.3204013,12.4033818931662
867,Children's Mercy Park,39.08361915,-94.5767968410888
1503,Estadio Independiencia,,
871,VALERA,9.3140317,-70.6068523
1474,Yankee Stadium,40.82958275,-73.926521084919
1846,TOBAGO,,
109,"Estadio Ciudad de La Plata, La Plata",-34.91362835,-57.9914316857348
2171,Stade Felix Houphouet-Boigny,,
928,Yale Bowl NEWHAVEN,,
2103,NAKASAKI,,
1682,"AWD-Arena, Hannover",52.36002595,9.73101605005314
493,National DUBAI,25.1064363,55.1921119704361
648,"Parkhead, Glasgow",55.8512427,-4.1968515
1266,"Chapou, Toulouse",43.60998,1.4196236
1592,"ETO Stadion, Gyor",47.69568755,17.6636945226546
844,Spartan Stadium,42.7281938,-84.4850115892922
464,Al Rashid Stadium,25.29079965,55.3481880349239
128,"Estadio Modelo, Guayaquil",0.96122705,-79.6558590849397
1963,Estadio Alfonso Lastras Ramirez,,
1292,Slavia PRAHA,50.0684489,14.4789405
1773,RHODES,,
1010,VAASA,63.0957722,21.6159187
442,"Moses Mabhida Stadium, Durban",-29.8289773,31.0314466611027
303,"St Jakob Park, Basel",47.54163625,7.62011637328294
500,Carisbrook DUNEDIN,-45.8956457,170.484522288613
2061,CATANIA,,
2027,Garilli PICENZA,,
443,"Borussia Park, Monchengladbach",51.17462495,6.38540936787181
242,PUEBLA,18.833333,-97.9999999
465,Grand Hamad Stadium,25.2587404,51.5203143355164
1905,"Costieres, Nimes",,
805,FirstEnergy Stadium,41.5060559,-81.6997117452594
774,"Stade des Lumieres, Lyon",45.7653624,4.98205431107367
1146,GUATEMALA CITY,14.6417889,-90.5132238
543,Telstra Stadium,-27.51106875,153.147039063385
956,"Alianza, Lima",-11.985646,-76.8164367
952,Alberto Silva,-33.509601,-70.7551689
2191,HBS DEN HAAG,,
1188,Lockhart Stadium FORT LAUDERDALE,26.19309645,-80.1610106113452
725,Kumamoto Sports Park,,
1184,ATLANTA USA,33.7490987,-84.3901848
1674,Farul,44.1973595,28.6391558465387
477,Ecopa Stadium SHIZUOKA,34.7435131,137.970728238944
462,National TEHRAN,35.6931728,51.4194348
691,Tongdaemun SEOUL,,
1730,STUTTGART,,
940,"Allianz Parque, Sao Paulo",-23.52743415,-46.6778329775165
228,"King Fahd International Stadium, Riyadh",24.7885806,46.8391448600996
385,"Carlos Belmonte, Albacete",38.9810821,-1.85214389001397
1977,Khalifa Bin Zayed Stadium,,
69,Royal Bafokeng Stadium,-25.5787723,27.1608130447165
1284,Crvena Zvezda Stadium,44.78322025,20.4646750508839
1512,Ashton Gate,51.44002945,-2.62031331086512
1893,BEOGRAD,,
1615,"1 May, Timisoara",,
1806,XANTHI,,
96,Independiente AVELLANEDA,-34.66974285,-58.3721211669098
1788,CONSTANZA,,
1444,Griffin Park,51.48808725,-0.302523929704623
2071,SAN BERNARDINO,,
51,IRAPUATO,20.6748936,-101.388542163391
2110,Stadium SAITAMA,,
1468,Millenaris Palya,,
87,"Praterstadion, Wien",,
1279,Na Letna PRAHA,50.094904,14.4158713
354,"A. Le Coq Arena, Tallinn",59.4212975,24.732065276076
1888,Cheasefield Stadium,,
335,"Salt Lake Stadium, Kolkota",,
710,OMAN,21.0000287,57.0036901
907,FRESNO CALIFORNIA,36.7394421,-119.7848306
772,Via del Mare LECCE,40.3560898,18.1824019
115,Maracana,-22.91209185,-43.2311453059056
836,WASHINGTON DC,38.8949549,-77.0366455
942,"Amsterdam ArenA, Amsterdam",52.31435305,4.94284308905399
2065,Silvio Appiani PADUA,,
2048,Motovelodromo BOLOGNA,,
1360,"Stockholms Stadion, Stockholm",59.34542755,18.0781279322759
1916,Osterpark GRONINGEN,,
254,Park GELSENKIRCHEN,51.5109791,7.0959263
975,Pride Park,52.9140025,-1.4524537
207,"Peter Mokaba Stadium, Polokwane",-23.92477655,29.4687727
571,Strahov PRAHA,50.0804881,14.3878141126907
1959,DOHA QATAR,,
945,PARANA,-24.4842186,-51.8148871
1179,"Valery Lobanovskiy Stadium, Kiev",,
642,Dublin,53.3497645,-6.2602731
852,"Estadio Deportivo Espanol, Buenos Aires",-34.6185657,-58.4476661141665
450,"Alexandra Stadium, Athens",,
1686,Stade 7 Novembre,36.18719715,5.39317442976762
73,Playmobil Stadion,49.48700735,10.9989727932152
66,"Stade des Charmilles, Geneva",46.1778798,6.12741166154975
2132,Dr. Constantin Radulescu Stadium,,
5,"Stade du 19 Mai 1956, Annaba",36.8858603,7.73307472743826
1077,"Olimpiyskyi Kyiv, Kyiv",,
1548,Kariuomenes stadionas KAUNAS,,
829,BOGOTA,4.5980478,-74.0760866
1463,"Deutsches Stadion, Berlin",,
1768,Renato Curi PERUGIA,,
509,Sportsground SYDNEY,-33.8294284,150.93885928506
301,Friends Arena,59.3724791,18.0016930971054
823,PANAMA,8.3096067,-81.3066245
2194,UTRECHT,,
2163,World Cup Stadium JEONJU,,
2078,KITWE,,
2136,Tingvalla KARLSTAD,,
1163,"Empire Fields, Vancouver",49.2828163,-123.033114410577
1610,"Stadion De Goffert, Nijmegen",51.82243655,5.83722107686458
1739,OUAGADOUGOU,,
1372,NRGi Park,51.512511,-0.0985691
218,"Ramat Gan Stadium, Tel Aviv",32.0994003,34.8256407
381,Tsirion,34.7008467,33.0228791619927
1343,PSV Stadion,51.4419293,5.4693943
666,"Espenmoos, St Gallen",47.4379266,9.39685533296582
194,"Stadion Malmo, Malmo",55.5837396,12.989494769033
1918,Toulon,,
1378,Estadio Alejandro Morera Soto SAN JOSE,,
839,"Estadio Nacional, Tegucigalpa",14.0984085,-87.2040182
1171,Barcelos Cidade Stadium,41.5510827,-8.62306271036505
1618,"Tynecastle Park, Edinburgh",55.9389938,-3.23245547480291
2166,Estadio Tamaulipas,,
800,"Estadio da Cidadela, Luanda",,
2054,UDINE,,
679,"JNA Stadion, Belgrade",,
1639,Rennes,48.1113387,-1.6800197
782,DORDRECHT,51.7689546,4.68678905674013
1059,Elland Road,53.77827,-1.5683777
1960,Bin Mohamed AL AIN,,
323,New Meadow,51.4274405,-1.7012718
327,"Mar Del Plata, Buenos Aires",-37.9977224,-57.5482702
811,BSK Beograd,44.875516,20.444495225427
95,Nacional LA PAZ,14.5683107,121.0091077
1054,Stadionul Lia Manoliu,44.439534,26.1503626
837,"RFK Stadium, Washington DC",38.88976815,-76.971882972805
2017,PHILADELPHIA,,
695,"Al Shaab, Baghdad",33.32501275,44.4355244500303
2102,Ikada Stadium JAKARTA,,
715,Jaka Baring Stadium,-3.02146805,104.788999260972
684,KUALA LUMPAR,,
2123,"Nuevo Arcangel, Cordoba",,
657,"Rasunda, Solna",59.365658,17.9946009
1451,Sani Abacha Stadium,11.99966395,8.52926880832719
135,Fonte Nova SALVADOR,-13.0055432,-38.4571316
1218,Feliciano Caceres,39.8659518,-6.7429712
142,"Estadio do Beira-Rio, Porto Alegre",,
1489,Bramall Lane,53.3720415,-1.4726316
1643,"Goldstone Ground, Hove",,
2,,,
1210,Phoenix ARIZONA,33.4485866,-112.0773455
2083,"CAA French Concession, Shanghai",,
822,Botafogo RIO DE JANEIRO,-22.94886025,-43.1801136106521
1196,Estadio Pedro Bidegain,-34.65208325,-58.4401381303562
676,"Racecourse Ground, Wrexham",,
1971,"Al Ain Stadium, Dubai",,
546,Sheikh Khalifa Stadium AL AIN,,
1153,Municipal IRAPUATO,20.6742528,-101.3500655
745,"Ganzenvijver, BRUSSELS",,
1658,"Stade de l'Huveaune, Marseille",43.2690394,5.39881720080429
276,Giants Stadium,53.65426895,-1.76835475896146
1285,"Olympic Stadium, Athens",38.0325514,23.7944433
64,"Orjans Vall, Halmstad",56.6849667,12.8680088878481
1371,Home Depot Center CARSON CITY,,
152,"Braden, Rancagua",,
1656,Michel D'Ornano Caen,49.1794955,-0.396738548406376
582,"Olympiastadion, Helsinski",,
1350,Stade Al Mlaz RIYADH,,
801,Panorama VERVIERS,50.6259552,6.0409734
721,"Bosuilstadion, Antwerp",,
1145,LARISSA,39.6382927,22.4159499
1273,Guillermo Soto Rosa Stadium,,
2099,National Stadium Tokyo,,
1355,TRE-FOR Park,46.5864088,12.7775547
1676,"Nouveau Stade, Bordeaux",,
1640,Stade Olympique Kosevo,,
1043,"St Ouen, Paris",48.911729,2.334267
1962,OAKLAND CALIFORNIA,,
1693,"Mariendorf, Berlin",52.44008,13.3900277
1805,Touba SALONIKA,,
1267,"Fort Carre, Antibes",43.5908477,7.12783283362717
739,"Duden Park, Brussels",50.81663535,4.33083573467873
1385,Bellavista de AMBATO,-1.2999999,-78.6666669
1897,Coya VIGO,,
1894,NICOSIA,,
1777,Nea Philadelphia ATHENS,,
933,"Public Stadium, SUWON",36.611374,126.640837
75,Rade Koncar SIBENIK,,
995,MERIDA,38.9174665,-6.3443976
821,Arena das Dunas,-5.82681835,-35.2123623873253
1734,Jacksonville FLORIDA,,
2134,DUNAJSKA STREDA,,
1968,DACCA,,
1561,Montecatini FLORENCE,43.61059975,10.9657195236706
423,Bruce Stadium CANBERRA,-35.2499576,149.102698676492
931,Koln Stadium KOLN,,
1395,BAHAHOYO,,
149,MetLife Stadium,40.81349675,-74.0743418886885
1868,Francisco Morazan TEGUCIGALPA,,
1848,MARACAIBO,,
1331,"Karaiskakis Stadium, Athens",,
557,"Stade du Pays de Charleroi, Charleroi",50.41460985,4.45372642379335
417,"Yue Xiu Shan Stadium, Guangzhou",,
1964,TABRIZ,,
2148,"Arrowhead, Kansas City",,
1653,Metz,49.1196964,6.1763552
1649,"Weserstadion, Bremen",53.06646005,8.83767025411932
1052,Municipal CLUJ,47.1426304,23.8740032
788,"Estadio Jose Alvalade, Lisboa",38.76117315,-9.15992942217092
2158,"Partido Fascista, ROME",,
1410,Raymond James Stadium,27.975955,-82.5033756277752
176,"Za Luzankami, Brno",49.2126581,16.6116243037173
1747,KUMASI,,
757,"RheinEnergie Stadion, Cologne",50.9375837,6.874683
412,"National Stadium, Singapore",1.30454455,103.874373218272
524,Docklands Stadium,-37.8165289,144.947516976688
1262,La Tropical HAVANA,23.1017375,-82.4055529
2073,GRAND CAYMAN,,
1122,Estadio Alto da Chela,,
706,Goodeok Stadium BUSAN,,
1810,Estadio Carlos Salazar GUATEMALA CITY,,
1393,Los Angeles Memorial Coliseum,34.0139923,-118.288028548483
1519,Maine Road,43.982713,-70.5995509
400,"Hindmarsh Stadium, Adelaide",,
489,"Dongdaemun Stadium, Seoul",,
1422,Baba Yara Stadium,6.68253175,-1.60507054749001
779,"Parc De Lescure, Bordeaux",,
348,"Idraetsparken, Copenhagen",55.7027422,12.5723199387321
1178,"Queens Park Oval, Port of Spain",10.6673584,-61.5237276220854
1567,"Armed Forces Sport Club Stadium, Abu Dhabi",,
633,Toulouse,43.6044622,1.4442469
460,Sports Ground SYDNEY,-33.878027,151.229756964442
533,Norwood Oval ADELAIDE,-34.91979995,138.630467459854
248,"Zentralstadion, Leipzig",51.34579105,12.3482549226364
1345,"Idraetspark, Esbjerg",55.47945775,8.50402603512658
1020,AEK Athens,38.0370891,23.7414286248989
2210,Estadio Rod Carew,,
809,"Cardiff Arms Park, Cardiff",51.4795474,-3.18353219927534
2020,Municipal Stadium BEIT SHE'AN,,
775,"Yoyoki National Stadium, Tokyo",,
766,Lombardia MILAN,45.4667971,9.1904984
1748,Stade Amary Daou,,
649,"Arnold Schwarzenegger Stadion, Graz",47.0463935,15.4539962217356
1139,SAN SALVADOR,13.6977587,-89.1930099
553,Cardiff City Stadium,51.47284285,-3.20297400511367
247,Hannover Stadion,52.361719,9.7360957
2057,Mithat Pasa ANKARA,,
3,Carlos Tartiere OVIEDO,43.36072975,-5.87024935752351
428,The New Den,51.4858951,-0.0508881652188826
1497,Riverside Stadium,54.57835105,-1.21699221301082
1614,Estadio Municipal de Aveiro,40.6477793,-8.59369529996652
300,Miyagi Stadium,38.3353656,140.950384608362
449,SALONIKA,51.2701536,22.5602573
286,Aviva Stadium,53.33505715,-6.22912522004588
1659,Campo Juventus TURIN,,
2127,MATSUYAMA JAPAN,,
536,Mbombela Stadium,-25.4617293,30.9296898974955
1729,KARLSRUHR,,
1529,Urheilukeskus KOTKA,60.5157594,26.9552247282715
1598,Ratina,61.4933667,23.7674306
722,Wing Stadium KOBE,34.6567099,135.168964153097
65,Eyravallen OREBRO,,
1650,"Stade Des Costieres, Nimes",43.8160349,4.3592665596296
938,Ciudad del Este,-25.5169014,-54.6168644
1303,TJ Plastika NITRA,,
1820,Dolphin Stadium,,
1947,Tarua Stadium BANGKOK,,
814,Estadio Pascal Guerrero,,
29,"Stade Mustapha Tchaker, Blida",36.4908344,2.84701303113845
2112,Royal Oman Police Stadium,,
1391,Monumental Juana La Avandazora,,
4,"King Baudouin Stadium, Brussels",50.89570595,4.33413456265968
906,Nasser CAIRO,30.0689182,31.2788125
918,"Westfalenstadion, Dortmund",51.4926788,7.45179574145114
338,MERIDA VENEZUELA,8.5974101,-71.1444007
1261,Parque Espana MEXICO CITY,19.41501015,-99.1713256162052
244,"Coliseum Stadium, Los Angeles",34.0139923,-118.288028548483
27,CAIRO,30.0488185,31.2436663
2028,La Favorita PALERMO,,
1384,"Dome, Sapporo",43.01516255,141.409692493912
1198,Vicente Calderon MADRID,40.40174065,-3.72065579018722
1821,Estadio Marte GUATEMALA CITY,,
2152,Los Carmenes GRANADA,,
1576,"Champion Hill, DULWICH",51.4637311,-0.0865863
1832,LP Field,,
699,ULSAN,35.5487857,129.252024
1102,Municipal KHARTOUM,9.0630927,7.4649146
781,HAARLEM,52.38370575,4.64355969655963
310,Belvedere MONTEVIDEO,-34.8558697,-56.2234701
2060,"Atleti Azzurri d'Italia, Bergamo",,
138,Pinheirao,-25.4314004,-49.2195664758977
883,Kashima Stadium,35.9906973,140.6415418
1211,Estadio Carlos Gonzalez,25.55509575,-103.402982003789
1382,PORTO PRINCIPE,18.547327,-72.3395927
478,"My Dinh National Stadium, Hanoi",21.02043975,105.764150025348
1290,NAMDAR,33.8908558,48.1987174
689,"Bahrain National Stadium, East Riffa",26.15362705,50.5434258298291
1309,"Lokomotiv, Moscow",55.8041346,37.7459609
787,"1 de Maio, Braga",,
686,DOHA,25.3014957,51.4996673988223
1738,Saba ASMARA,,
1678,"Bouscat, Bordeaux",44.8661755,-0.5992398
